Name,price,Brand,Department,Display,Rating
Ice Watch Sunshine Orange Dial Silicone Strap Date Man's  Watch,25,Ice-Watch,Men,Analog,4.7
Tissot T-Race Chronograph Quartz Silver Dial 45mm Men's Watch T1414171103100,524.7,Tissot,Men,Analog,2.5
Invicta Marvel Captain America Men's 50mm Limited Edition Chrono Watch 43052,134.4,Invicta,Men,Analog,5
 Black Dial NH35 Automatic Watch Men  Dive Pilot Sapphire Retro 2024,75.6,Tandorio,Men,Analog,3.6
F-91W-1 Men’s  Digital Silver Watch Resin Classic Alarm Light Waterproof,16,Unbranded,Men,Digital,4.5
"Invicta S1 Rally Diablo Men's Watch - 48mm, Black 42331 NEW",265,Invicta,Men,Analog,2.7
Beige Dial  NH35 Automatic  Diving Men Watch Pilot Sapphire Glass Retro,75.6,Tandorio,Men,Analog,3.8
MVMT Men's MC02-GML Quartz Gunmetal Dial Chronograph Watch MSRP $135,70,MVMT,Men,Analog,5
Invicta Men's Watch Pro Diver Blue Dial Silver Tone Stainless Steel 30807,63.9,Invicta,Men,Analog,4.6
Invicta 25900 Venom Black Dial 53.7 mm Men's Watch New,220,Invicta,Men,Black,2.8
Bulova Marine Star Black Dial Chronograph Silicone Strap Men's Watch  98B104,200.3,Bulova,Men,Analog,2.9
 Tandorio Pilot Automatic Watch  NH35 PT5000 Black Dial Sapphire Glass,73.2,Tandorio,Men,Analog,3.4
NH35 Blue  Titanium  Diving Tactical Frog Watch Men Sapphire 120 Clicks,105,TANDORIO,Men,Analog,3.5
Citizen Promaster Blue Dial ORCA Blue Polyurethane Watch BN0231-01L,330,Citizen,Men,Analog,4.8
Seiko 5 Automatic Black Dial Men's Watch SNKL50K1,196.9,Seiko,Men,Analog,5
Freestyle Men's El Toro Chronograph Analog Watch 76701 Black Sport Water Resist,25,Freestyle,Unisex Adults,Analog,5
Watch Women Casual Ladies Watches Leather Waterproof Simple Quartz Wristwatch,10.9,Unbranded,Women,Analog,3.2
Bulova 98A318 Maquina Blue Dial Men's Watch,596.3,Bulova,Unisex Adults,Quartz,5
New Expedition Tide-Temp-Compass 45mm Silicone Strap Watch TW2V22200,225,Timex,Men,Quartz,3.4
NEW AUTHENTIC FOSSIL SULLIVAN SOLAR SILVER GREEN LEATHER BQ2663 MEN'S WATCH,70,Fossil,Men,Analog,4.6
Tommy Hilfiger 1791475 Men's White Silicone Band Back Dial Watch 46mm,108,Tommy Hilfiger,Men,Quartz,2.3
SEIKO SSB455 Grey Sapphire Quartz Silver Chronograph Analog watch MADE IN JAPAN,299,Seiko,Men,Analog,2.3
Seiko Astron Origin Solar Radio Stainless Steel Men's Watch SBXY033,1167,Seiko,Men,Quartz,4.8
"SOLLEN Car Watches for Men, Spinning Wheel Rim Watch, Casual Blue",91,SOLLEN,Men,Does not apply,4.9
Bulova 98B260 Men's Diver Sports Watch  100M Black Silicone Strap NEW,161.5,Bulova,Men,Analog,4.5
Invicta Men's Speedway 46mm Quartz Watch IN-46105,55,Invicta,Men,Quartz,4.7
Steampunk Tesla Analog Watch With Metal Findings And Leather Strap,110,ThinkGeek,Unisex Adults,Analog,4.4
"Timex Men's Expedition Watch TWF3C8430 20mm genuine leather & fabric strap ""NEW""",45,Timex,Men,Analog,4.8
Japan Orient KING DIVER Watch Automatic watch KD 21 JEWELS Original Purple Dial,199,Orient,Men,Analog,2.4
NEW Freestyle Men's Fieldmasters II Watch  Case 100m Water Resistant,35,Freestyle,Men,Analog,2.1
CASIO EDIFICE Sospensione EFS-S640ZE-1AJR Black 50th Men's Watch New in Box,294,Casio,Men,Analog,2.8
CUSN8 Solid Bronze Case  Tandorio Green Dial NH35A Automatic Mens Watch,130.5,Tandorio,Men,Analog,2.3
Movado Men's Sport  Quartz Watch 0607992,399,Movado,Men,Quartz,2.7
MWC Classic 1970s Pattern MIL-W-46374 Pattern Military Watch (Quartz Movement),52.5,MWC,Unisex Adults,Analog,3
Invicta Pro Diver Gold-tone Blue Dial 40 mm Men's Watch 26974,46.6,Invicta,Unisex Adults,Analog,5
Movado Bold Men’s Gray Dial Brown Leather Watch - 3600442,210,Movado,Men,Analog,5
Victorinox Swiss Army 241929 FieldForce Classic Chrono 42 mm Mens Watch MSRP$700,335,Victorinox,Men,Analog,3
[Vintage] TAG HEUER Professional 2000 WK1212  Silver Quartz Men’s Watch b320,220,TAG Heuer,Men,Analog,3.7
Invicta Men's 47mm GRAND DIVER AUTOMATIC Yellow Dial Stainless Steel 300m Watch,140,Invicta,Men,Analog,4.8
Bliger Polished / Sapphire Glass NH35 PT5000 Automatic Men Watch Oyster,72.1,Bliger,Men,Analog,5
Tissot PRX Quartz Watch  - T137.410.11.091.01,225.5,Tissot,Men,Analog,5
Tudor Prince Date Day 10-Diamonds White Dial 76213 Men's Watch Automatic ,1459,TUDOR,Men,Quartz,5
Gucci Dive YA136203 Men's 45mm Blue Dial Stainless Steel Swiss Quartz Watch -NEW,580,Gucci,Men,Analog,5
GUCCI G-Timeless YA126225A Black Chronograph Quartz Men's Watch New in Box,715.5,Gucci,Men,Analog,3
NEW AUTHENTIC FOSSIL RYE MULTIFUNCTION CHRONO PINK ROSE GOLD WOMENS BQ3763 WATCH,70,Fossil,Women,Analog,2.8
Seiko Neo Classic Quartz Green Dial Men's Watch SUR449P1,152.9,Seiko,Men,Analog,5
Womens Wristwatch CASIO LTP-B165GL-2BVEF Leather Black Blue Golden Vintage,123.2,Casio,Women,Analog,2.5
Bulova Marine Star Men's Black Dial Black Rubber Strap  Quartz Watch 98B278,220,Bulova,Men,Analog,4.9
SWATCH x OMEGA MoonSwatch SO33M106 Mission to Moon Grey White Watch,389.8,Swatch,Unisex Adults,Analog,2.7
Bulova Marine Star 98A228 Rose Gold Dial Gray Silicone Automatic Men's Watch,240.2,Bulova,Men,Analog,4.5
NEW CITIZEN ECO DRIVE MAN'S WORLD CHRONOGRAPH BLUE ANGELS A-T WATCH AT8020-03L,399,Citizen,Men,Analog,4.7
Men Bulova Classic Marine Star Black Dial Chronograph 98B401 Quartz Watch 41.5mm,139,Bulova,Men,Analog,5
Citizen Promaster Diver Diamond Blue Dial Men's Watch CA0710-58L,379.5,Citizen,Men,Analog,5
Bulova Men's Marine Star Chronograph White Dial Stainless Quartz Watch 96B255,172.2,Bulova,Men,Analog,4.5
Invicta Men's Watch Pro Diver Quartz Chrono Blue Dial Two Tone Bracelet 1773,74.5,Invicta,Men,Quartz,4.8
Seiko 5 Sports SSK019 Automatic Water-Resistant 24 Jewel Men's Watch,275,Seiko,Men,Analog,4.8
Wenger Men s 01.1741.103 Urban Classic Blue Dial Brown Leather Strap Swiss Watch,76,Wenger,Unisex Adults,Quartz,4.7
Longines Conquest V.H.P. GMT  Men's Watch L3.728.4.56.6,812,Longines,Men,Analog,5
Shinola The Runwell  ARGONITE 1069 Black Dial & Black Strap Quartz Men Watch,240,Shinola,Men,Analog,2.4
BEAMS Original Watch Kanji Mt Fuji Made In Japan Limited modern and refined FS,129,Beams,Unisex Adults,Analog,2.2
Casio Analog Mens Watch Silver Stainless Steel Band Original New MTP-1183A-1A,45.8,Casio,Men,Quartz,4.5
Seiko Luxe SPB210 Alpinist 1959 Reinterpretation Watch Green Dial  Made in Japan,594.5,Seiko,Men,Analog,2.8
Black Dial & Pink Bezel |Jubilee Bracelet | Seiko VK64 Movement,369,Hands On Time,Men,Analog,4.6
Casio MTP-1374L-1A Men's Classic Day and Date Steel Watch MTP1374L-1A,89.3,Casio,Men,Analog,5
Citizen Collection Mechanical NB1050-59E Men's Watch Brand-New,405,Citizen,Men,Analog,5
Seiko 5 7S26-0530 Railway Military Day/Date Automatic Japan Men's Watch,279.5,Seiko,Men,Analog,4.3
Longines Elegant L4.908.4 Men's Watch Automatic  White Dial,619,Longines,Men,Quartz,2
PEANUTS 75th Anniversary Accutime Sparkle Collector's Watch Snoopy - NEW W Box,55,Accutime,Unisex Adults,Quartz,2.4
 Vintage Luminous  Diving NH35A Automatic Watch Men Domed Sapphire Date,85.4,Tandorio,Men,Analog,3.8
Citizen Circle of Time EM0382-86D Ladies 30mm Bracelet Watch $650,175,Citizen,Women,Analog,4.8
INFANTRY MILITARY Mens Outdoor Sport Army Quartz Analog Wrist Watch Nylon Band,10,Unbranded,Men,Analog,2.6
New Timex Legacy  Two-tone Case and Bracelet with Blue Dial TW2Y20200,139,Timex,Men,Quartz,2.5
 Diver Sapphire NH35 Snow White Sand Dial Men Ladies Watch Pilot Style,75.6,Tandorio,Men,Analog,2.7
Silver White Pearl Marble  Stainless Steel CZ Diamond Automatic Date Watch,90,Unbranded,Men,Quartz,3.2
Movado 3600923 Women's Bold Black Dial Quartz Watch,229,Movado,Women,Analog,3.2
NEW AUTHENTIC FOSSIL FLYNN CHRONOGRAPH SABLE BROWN BQ2727 MEN'S WATCH,74.5,Fossil,Men,Analog,2.2
Luminox Men's Watch Mil-Spec Quartz Black Dial White Rubber Strap XL.3359.SET,576.8,Luminox,Men,Quartz,4.3
INVICTA 39415 PRO DIVER JAPANESE AUTOMATIC W/ SWISS MADE MB MICROTEC T100 TUBES,250,Invicta,Men,Analog,5
Timex Expedition North Field Chronograph Quartz Black Dial Men's Watch TW2W45700,170,Timex,Men,Black,3.3
Casio Men's A159WGEA-9 Gold Stainless-Steel Quartz Fashion Watch,55,Casio,Men,Analog,4.8
MARATHON 34mm Black US GOVERNMENT General Purpose Quartz (GPQ) Military Watch,297.5,Marathon,Unisex Adults,Analog,4.1
Mykonos Watch,168,Talley & Twine,Unisex Adults,Quartz,2.4
Casio Collection Classic Analog MTP-B190D-7B White Dial 32 mm Men's Watch,76,Casio,Men,Analog,2.5
Porsche Design P6350 Flat Six  Automatic Men’s Watch P.635043040275,899,Porsche Design,Men,Analog,4.7
Citizen Promaster Green Dial Men's Watch BJ8055-04X,444.1,Citizen,Men,Green,3.9
Sugess Chrono Heritage ST1901 SWAN NECK Blue Dial Chrono Watch - TIMEGRAPHED USA,220,Sugess,Men,Analog,4.1
MICHAEL KORS Lennox MK7248 Crystal Paved Rose-Gold  Wristwatch,114.9,Michael Kors,Women,Analog,4.2
Tourneau TNY ETA Chronograph TNY440301001 Men's Steel Automatic  Watch,450,Tourneau,Men,Analog,4.1
Invicta Speedway Quartz Green Dial Men's Watch 48518,59.6,Invicta,Men,Green,2.8
Victorinox Swiss Army Brown Watch 241516,100,Victorinox,Unisex Adults,Analog,3.2
Tissot Carson Premium Quartz Silver Dial Men's Watch T122.410.22.033.00,257.4,Tissot,Men,Analog,5
SEIKO PROSPEX King Samurai - Save The Ocean Manta Ray Edition SRPE33K1 Watch,499,Seiko,Men,Analog,5
 Waterproof NH35 Mechanical Men Watch  Black Dial Sapphire Auto Date,75.6,Tandorio,Men,Analog,2.6
Movado Bold Evolution Chronograph Quartz Gold Dial Men's Watch 3600811,336.6,Movado,Women,Analog,5
Casio Men's DBC611-1 Stainless Steel Databank Calculator Watch,68,Casio,Men,Digital,4.7
Stuhrling Muscle Movement Chronograph 9.5 mm Thin Leather Strap  Men's Watch,99,Stuhrling,Men,Analog,3.2
Retro  Tandorio Black Dial Sapphire Glass Miyota 8215  Automatic Men's Watch,64.8,Tantorio,Men,Analog,3.5
BERTUCCI A-5s Ballista Illuminated,384,BERTUCCI,Men,Quartz,3.8
Longines Conquest V.H.P.  Silver Dial Men's Watch L3.716.4.76.6,630,Longines,Men,Analog,5
NH35A Automatic Men Watch  Tactical Frog Titanium Sapphire Crystal Luminous,115,Tandorio,Men,Analog,2.7
EMPORIO ARMANI AR2448 Men's Watch Chronograph Blue Dial Stainless Steel Dress,125,Emporio Armani,Men,Analog,4.7
Titanium Invicta TI-22 Men's Watch -  Model 47516 Silver Classic Style NEW,69.9,Invicta,Men,Analog,5
Vintage NH35A Diver Watch Men Luminous  Waterproof Sapphire 120 Click New,87.5,Tandorio,Men,Analog,4.3
BURBERRY BU10005 The Classic Horseferry Black Unisex Watch ,179.9,Burberry,Unisex Adults,Analog,5
Casio Men's Vintage Salmon Dial Stainless Steel Quartz Watch MTP-1302PE-4AVEF,110,Casio,Men,Quartz,2.4
NEW AUTHENTIC MICHAEL KORS LAYTON BLACK SILVER RED SILICONE MEN'S MK8892 WATCH,80,Michael Kors,Men,Analog,5
NEW AUTHENTIC EMPORIO ARMANI LUIGI BETA MARBLE GUNMETAL GREY MEN'S AR11155 WATCH,100,Emporio Armani,Men,Analog,4.4
 Dive Military NH35A Automatic Watch Men Lume  Domed AR Sapphire Glass,75.6,Tandorio,Men,Analog,2.3
Invicta Celestial Men’s  Green Dial Brown Leather Band Quartz Watch New,25,Invicta,Men,Quartz,3
"Projects Watches , Time And Time Again Men’s  Watch Silicone Band PJT-7506",65,Projects Watches,Men,Analog,3
Citizen Eco-Drive Corso Men's Gold Crystal Chronograph Watch Set  CA0752-66P,293.6,Citizen,Men,Analog,4.8
TECHNOMARINE WATCH TM-115046 46mm VD57 Quartz 3 Year Warranty NO BOX,239,TechnoMarine,Men,Analog,2.3
WREN Field Watch 44 mm / Khaki / Classic Watches,55,Wren,Men,Analog,4.5
Casio Analog MTP-M305D-4A Moonphase Quartz Men's Watch Stainless Steel,140,CASIO,Men,Analog,5
Vintage Orient ChronoAce 27 Jewels Automatic JDM,129,Orient,Men,Analog,5
"COACH Harrison Men's Watch,  14602574 Gold case , Navy dial",199,Coach,Men,Analog,2.3
Brand New Burberry BU9222 Haymarket Check Stainless Steel Women's Watch,168,Burberry,Women,Analog,5
Titanium   Tandorio Sterile Black Dial Japan NH35A Automatic Mens Watch,99,Tantorio,Men,Analog,2.3
New Torgoen TN-1119 T18 Blue Carbon Fiber 45mm Leather Strap Watch,101.3,Torgoen,Men,Analog,3.1
Men New Bulova Classic Orange Marine Star Stainless Steel 96B395 Watch (100MM),172.4,Bulova,Men,Analog & Digital,4.8
CASIO AQ-230EGL-9ADF Retro Vintage Digital Watch ORIGINAL New Gold Brown,69,Casio,Unisex Adults,Analog,3.3
Tissot PR100 Silver Dial Brown Leather Men's Watch T1014102603100,199,Tissot,Men,Analog,4.9
New $550 Citizen Eco-Drive Ecosphere Chronograph Men’s Watch CA4184-81E,349,Citizen,Men,Analog,4.8
CASIO PRO TREK PRW-6900Y-1JF Black Radio Solar Analog Men's Watch New in Box,348,Casio,Men,Analog & Digital,5
Invicta Aviator Skyshock Men's Watch 50mm Black ***Brand NEW in Box***,16.5,Invicta,Men,Analog,4.6
"Rare New Unworn Sacagawea Golden Dollar Coin Watch 2000-P US Mint, Unisex",97.5,SAC Watch,Unisex Adults,Analog,4.4
Unused CASIO Edifice EFK-100YD-7AJF Silver Stainless Men Watch in Box,280.5,Casio,Men,Analog,5
Invicta Disney Limited Edition Men's 50mm Mickey Silver Chronograph Watch 32443,122.4,Invicta,Men,Analog,5
Citizen Pair Eco-Drive Blue Dial Ladies Watch EW2595-81L,262.9,Citizen,Women,Blue,2.4
Raketa Copernic Vintage Men`s Watch Copernicus Kopernik Soviet Wristwatch USSR,135,Raketa,Men,Analog,4.9
Tissot Chrono XL Classic Quartz Watch 45mm - T116.617.36.057.01,270.6,Tissot,Men,Analog,3.4
Diesel DZ7395 Mr. Daddy 2.0 Chronograph Black Stainless Steel Watch 57mm,155,Diesel,Men,Quartz,4
Invicta Men's Pro Diver 45mm Quartz Watch IN-46134,35,Invicta,Men,Quartz,4.9
Benrus Classic C3-SA-BL-SM Limited to 100 Blue Sunburst Dial   Men Automatic,345,Benrus,Men,Analog,4.8
SEIKO SBTM317 Seiko Selection White Solar Atomic Radio Men's Watch in Box NEW,258.9,Seiko,Men,Analog,5
SEIKO Wired Watch Batman Superman Limited Model collaboration collection 23,400,Seiko,Men,Analog,3.5
Citizen Eco-Drive Black Dial Promaster Diver Women's Watch EO2020-08E,240,Citizen,Women,Black,5
Citizen Sapphire Crystal Eco-Drive Black Dial Bracelet Watch BM7370-89E,140,Citizen,Men,Analog,4.2
 Dive Pilot Watch Men AR Sapphire NH35 Mechanical Wristwatch Yellow 2024,86.1,Tandorio,Men,Analog,2.8
Tandorio  Pilot Sapphire Glass  Diving Miyota 8215 Automatic Men Watch,69.3,Tandorio,Men,Analog,4.5
Limited Edition Seiko 5 Sports Heritage “Kamen Rider”  Automatic - SRPL03,360,Seiko,Men,Analog,4.6
Men's Classic Square Stainless Steel Luminous Date Quartz Wrist Watch Waterproof,20,Unbranded,Men,Analog,3.2
Diving NH34 Automatic Watch for Men Field Watches Waterproof Sapphire Glass ,120,Tantorio,Men,Analog,4.9
Seiko SBJG023 Rotocall Space Brothers Limited 824pcs A824 Quartz  Japan,596.9,Seiko,Men,Digital,2.9
RAYMOND WEIL Tango Quartz 30MM Blue Dial Two-Tone Women's Watch 5960-STP-50061,599,RAYMOND WEIL,Women,Analog,4.7
Casio LINEAGE Watch LCW-M100DE-1A3JF Japan import NEW Domestic Version,142,Casio,Men,Quartz,5
Victorinox Dive Pro Quartz Black Dial Men's Watch 241990,572,Victorinox,Men,Black,3.6
SEIKO LUKIA Grow SSQW072 Gray Solar Radio Women's Watch New in Box,470,Seiko,Women,Analog,4.1
TISSOT T-Race Chronograph Quartz Black Dial Red Band Watch T115.417.27.051.00,472.5,Tissot,Men,Analog,5
Invicta Men's Watch Specialty Gold Dial Two Tone Steel Bracelet Quartz 47487,62.7,Invicta,Men,Quartz,3.7
New Timex Waterbury Classic Chronograph  Leather Strap Men's Watch TW2U88300,146,Timex,Men,Quartz,3.7
 Tandorio  Double Domed AR Sapphire Glass NH35A Auto Men Watch Luminous,72.8,Tandorio,Men,Analog,2.7
Versace Regalia Quartz Green Dial Ladies Watch VE6J00623,323.3,Versace,Women,Green,2.5
Seiko SSC947 Prospex Pogue Speedtimer Solar Chronograph Watch 100m Box Tags,472,Seiko,Men,Analog,2.6
Men New Bulova Modern Futuro Black Dial & Gold Bracelet Quartz Watch 97D116 ,147,Bulova,Men,Analog,4.1
Diving  Black Dial NH35A Automatic  Waterproof Men Watch Sapphire,86.1,Bliger,Men,Analog,5
Carti Watch,90,Unbranded,Unisex Adults,Analog,4
NH35 Tandorio  Vintage Field Dial Diving Watch Mechanical Men Wristwatch,69.3,Tandorio,Men,Analog,5
Silver Dial & Black Bezel | Rubber Strap | Seiko VK63 Movement,349,Hands On Time,Men,Analog,3
Timex Expedition North Anchorage Quartz Black Dial Men's Watch TW2W41900,88,Timex,Men,Black,2.9
Invicta Pro Diver Zager Exclusive Chronograph Quartz Men's Watch 43233,132.5,Invicta,Men,Analog,4.5
Bulova Marine Star Black Dial Chronograph Stainless Steel Men's Watch 98B401,140.1,Bulova,Men,Analog,5
Movado Women's Ultra Slim Black Dial Gold Tone Case Watch - 0607091 ($795 MSRP),240,Movado,Women,Analog,4.7
Invicta Men's Watch Pro Diver Quartz Blue Dial Yellow Gold Steel Bracelet 26974,60,Invicta,Unisex Adults,Analog,5
New Limited Swiss Swatch POWDERBAYANG  Gold Silicone Watch  SUOM111 Worldhoo,80,Swatch,Unisex Adults,Analog,4.5
Tissot PR 100 Chronograph Quartz Two Tone Steel Men's Watch T1504172203100 .,346.5,Tissot,Men,Analog,3.2
Wenger Swiss Army 01.0643.118 Men's Seaforce Black Chronograph Watch 43 mm,235,Wenger,Men,Analog,4.9
Casio AQ230GG-9A Men`s Watch Ana-Digital Grey Ion Plated with alarm AQ-230GG-9A,70,Casio,Men,Analog & Digital,5
New Torgoen TN-1285 T21 Grey Sapphire  Vintage Leather Strap Watch,132.8,Torgoen,Men,Analog,2.9
New Citizen Promaster Sea Automatic Dive Blue Dial Watch NY0040-17L,189,Citizen,Men,Analog,5
Seiko Core Chronograph Quartz Grey Dial Men's Watch SSB403P1,185.9,Seiko,Men,Analog,4.5
CASIO Collection STANDARD Watch A159WA-N1JH Japan NEW,39,Casio,Men,Quartz,5
Citizen Eco-Drive Radio Controlled Blue Dial Sapphire Men's Watch CB5914-89L,340,Citizen,Men,Analog,4.7
Movado Men's Bold  Quartz Watch 3600047,285,Movado,Men,Quartz,5
Tandorio  Military  Waterproof Dive NH35 Automatic Watch Men Lume Dial,85.4,Tandorio,Men,Analog,2.4
Citizen Chronograph GMT Black Dial Men's Watch AT2520-89E,174.9,Citizen,Men,Black,2.4
TechnoMarine Men's Sea Dream  Quartz Watch TM-719022,50,TechnoMarine,Men,Quartz,5
"NOS Watch Slava Medical Pulsometer Doctor dial, cal.2428 With Pulsometer Scale",499,Slava,Unisex Adults,Analog,2.9
CASIO MTP-B145D-7BV WHITE 35MM QUARTZ ANALOG WATCH,58.9,,Unisex Adults,Quartz,4.2
NEW Bandai Tokima Steam Head Digirobo Transform Watch Bronze Retro 1998 StiiRobo,156.2,Bandai,Unisex Adults,Digital,2.8
Bulova 97D115 Modern Futuro Gold-Tone Diamond Dial Quartz Men's Calendar Watch,140,Bulova,Men,Analog,4.8
 Tandorio Sterile Blue Dial Bracelet NH35 Automatic Steel Diving Mens Watch,92.7,Tantorio,Men,Analog,3.3
New Timex Legacy Quartz Black Dial Men's Watch TW2V67800,156,Timex,Men,Quartz,4.7
Mathey-Tissot Urban Metal Quartz Green Dial Men's Watch H411MPV,136.4,Mathey-Tissot,Men,Green,4.4
Seiko 5 Sports Automatic SNXS Series Stainless Steel Band Watch SRPK89K1,280,Seiko,Men,Analog,4.7
TISSOT PRC 200 T114.417.11.057.00 Black Dial Stainless Steel Men's Watch,379,Tissot,Men,Analog,5
Men's Women's Binary Watches Luminous Sport Date Digital LED Couples Wrist Watch,14,Unbranded,Unisex Adults,Digital,2.5
White Dial & Black Tachymeter Bezel | Motorsport Style | Seiko VK63 Movement,359,Hands On Time,Men,Analog,4.8
NEW Citizen Eco-Drive Calendrier Stainless Steel Men's Watch BU2021-51L,250,Citizen,Men,Analog,4.8
Vostok Komandirskie 431307 Watch Airborne VDV Military Mechanical USA Seller,110,Vostok,Unisex Adults,Analog,4.7
Invicta Men's Speedway Roulette Casino 39.5mm Green Chronograph Dial Black Watch,129.9,Invicta,Men,Analog,4.6
Citizen Tsuyosa Collection NJ0151-88W Automatic Sapphire Men's Watch US*us,289.9,Citizen,Men,Quartz,4.7
Movado 3601186 Ladies Bold Quest Blue Dial Quartz Watch,299,Movado,Men,Analog,3.8
Bulova Marine Star 96B256 Blue Dial Men's Quartz Watch Stainless Steel ,167,Bulova,Men,Analog,4.9
Brand New Movado Bold Trend Men’s Yellow Gold PVD  Bracelet Watch 3601033,399,Movado,Men,Analog,4.9
Movado Women's 38.5mm Bold Quartz Watch 3600936,320,Movado,Women,Quartz,4.1
Luminox Men's Watch Atacama Field Quartz Green Dial Black Rubber Strap XL.1977,371.3,Luminox,Men,Quartz,5
Invicta Men's Pro Diver Quartz Chronograph Blue & Gold Polyurethane Watch 20280,89.9,Invicta,Unisex Adults,Analog,5
Bulova Marine Star 98A225 Automatic Men's Watch White Dial Blue Rubber Strap,269,Bulova,Men,Quartz,4.8
New Swatch Irony Night Flight Steel Silver Chronograph Date Watch YVS444GC $225,191.3,Swatch,Men,Analog,4.7
Luminox Atacama Field 1970  XL.1970.SET Black Textured Dial Men's Watch,575,Luminox,Men,Analog,4.3
Tissot Seastar 1000 Quartz Chronograph  Turquoise Dial Watch T1202173704100,549.1,Tissot,Men,Analog,4.3
MOVADO Signature Green Dial & Green Leather Band Watch 0608101,299,Movado,Unisex Adults,Analog,3.8
"SWATCH SWISS IRONY ""BACK TO THE ROOTS,"" LEATHER CHRONO UNISEX WATCH, NEW  YVS414",160,Swatch,Men,Analog,3
NEW✅ Citizen Quartz Classic Black Stainless Steel Date Men's Watch BI5055-51E,130,Citizen,Men,Analog,5
Vintage Watch USSR RAKETA Big Zero Black Dial Wristwatch Mechanism 2609.HA 19J,124.1,Raketa,Men,Analog,2.1
Seikmod GMTEIKO Pepsi | Ceramic Bezel | NH34 Aut GMT | Sapphire |  Jubilee,275,Unbranded,Men,Quartz,4.1
Citizen POV Eco-Drive MOP Dial Ladies Watch EM0234-59D,147.7,Citizen,Women,Analog,5
Tandorio / Sapphire Glass Polished NH35A Automatic Men's Watch Luminous,84.7,tandorio,Men,Analog,2.1
 Waterproof Field Watches NH35  Lady Men Sport Wristwatch Sapphrie Pilot,75.6,Tandorio,Men,Analog,2
Tissot T-Race Chronograph Black/Rose Gold Quartz Men's Watch T1414173705100,583,Tissot,Men,Analog,4.1
Diesel Original DZ4338 Men's Double Down Black Chronograph Watch,120,Diesel,Men,Quartz,5
Invicta Men's Watch Specialty Green Dial Two Tone Steel Bracelet Quartz 47485,59,Invicta,Men,Quartz,4.7
KIRKS FOLLY VINTAGE FOREVERLAND WATCH BRAND NEW,99,Kirks Folly,Women,Quartz,4.1
Brand new men's wristwatch Vostok Amphibian Kosmodiver,489,Vostok,Men,Quartz,4.4
 Waterproof NH35 Automatic Men Watch Mechanical Textured Dial  Tandorio,85.2,tandorio,Men,Analog,4.8
Citizen Promaster Sikorsky Nighthawk BJ7004-43H Blue Angels Leather Men's Watch,360,Citizen,Men,Analog,3.4
  Diving NH35 Automatic Watch Men Sapphire Sunburst Red Dial 3.8 Crown,75.6,Tandorio,Men,Analog,4.5
Bulova Surveyor Gold Tone Dial Stainless Steel Men's Automatic Watch 97A182 ,248.7,Bulova,Men,Quartz,4
Timex MK1 Aluminum Chronograph  Fabric Strap Watch TW2R67700,59,Timex,Men,Quartz,4.5
"Tory Burch Robinson Womens Two-Tone Gold Silver Watch, White Rectangular Dial",185.8,Tory Burch,Women,Analog,4.5
Tissot Chrono XL Classic Swiss Quartz Green Dial Yellow Gold PVD T1166172209100,499.2,Tissot,Men,Analog,3.9
Seagull 1963 21 Zuan Pilot watch  40 mm Mechanical Quartz movement Chronograph,104,Seagull,Unisex Adults,Analog,4.9
Tissot PRX Powermatic 80  Dark Blue Gradient Dial  Watch T1374071105101,704.9,Tissot,Men,Analog,4.5
Longines Conquest V.H.P Quartz  Silver Dial Men's Watch L3.718.2.76.6,899,Longines,Men,Analog,4.9
Tommy Hilfiger 1791121 Men's Gold-Tone Stainless Steel Watch 46mm,125,Tommy Hilfiger,Men,Quartz,3.9
Hamilton American Classic ARDMORE Quartz Turquoise Women's Watch H11221650,381.6,Hamilton,Women,Analog,4.1
"Invicta Pro Diver Men's Watch  Black, Steel ",23.5,Invicta,Men,Analog,2.5
CASIO EDIFICE ECB-2000YNP-1AJF Nighttime Drive Series Bluetooth Blue Men's NEW,189,Casio,Men,Analog & Digital,4.8
BLIGER SEA Blue Black Dial  NH35 Automatic Men Watch Ceramic Rotating Bezel,91,Bliger,Men,Analog,4.7
New Citizen Eco-Drive Promaster Scuba Dive  Depth Men's Watch BN0155-08E,239,Citizen,Men,Analog,5
Tissot PRX Powermatic 80 Automatic Blue Dial Men's Watch T1374071704100,558.4,Tissot,Men,Analog,4.7
Michael Kors MK5605 Bradshaw Gold Tone SS Chronograph Watch BNWT Gift Box $295,104.8,Michael Kors,Unisex Adults,Analog,4.8
Swarovski Women's Crystalline White Crystal Watch 5642221,130,Swarovski,Women,Quartz,4.8
HAMILTON Khaki Navy Scuba 37MM Quartz Green Dial Men's Watch H82241961,580.5,Hamilton,Men,Analog,2.2
Citizen Promaster Skyhawk A-T Chronograph JY8125-54L GMT Blue Dial Men's Watch,590,Citizen,Men,Analog & Digital,5
Invicta SWISS MADE Gold/Black 44779 SWISS Quartz 46Mm Chrono Date Men's Watch,194.7,Invicta,Men,Analog,4.2
Breitling Bentley GT Racing A13363 White Dial Automatic  Men's Watch,4000,Breitling,Men,Analog,4.8
GLENAW Men's automatic machinery tourbillon sports watch luminous waterproof,66,Unbranded,Men,Analog,3
Victorinox Journey 1884 Grainy Blue Dial Quartz Men's Watch 241975,650,Victorinox,Men,Analog,5
"Diesel DZ4355 Mega Chief Men's Black, Black Dial Chronograph Watch 59X51mm",115,Diesel,Men,Quartz,4.9
Brand New Movado Bold Ladies Stainless Steel Silver & Gold Watch 3600208,429,Movado,Women,Analog,5
Orient Men's Bambino  Autoamtic Watch RA-AK0701S,250,Orient,Men,Quartz,2.7
Invicta Women's Angel  Quartz Watch IN-18791,40,Invicta,Women,Quartz,5
Casio MTP-B145D-2A2 Blue 35mm Quartz Stainless Steel Men's Watch,65,Casio,Men,Analog,4.6
Casio Digital Blue Resin Band Watch W218HC-2A,34.4,Casio,Unisex Adults,Digital,3.4
Invicta Aviator Quartz Black Dial Men's Watch 49725,48.8,Invicta,Men,Black,4.8
Citizen Zenshin Mechanical Automatic Men's Watch NJ0180-80M,401.5,Citizen,Men,Light Blue,5
NEW AUTHENTIC FOSSIL MODERN SOPHISTICATE CRYSTALS ROSE GOLD WOMEN'S BQ1561 WATCH,70,Fossil,Women,Analog,4.6
Fashion Analog Business Gentleman Men Quartz Wristwatch Date Stainless Watches,10,Unbranded,Men,Analog,2.6
Brand New CASIO F-94WA-9JH Digital Classic Watch  From Japan,20.8,Casio,Men,Digital,4.9
Movado 2100010 Women's Classic Museum Blue Dial Quartz Watch,209,Movado,Women,Analog,5
NEW AUTHENTIC FOSSIL BROX SMOKE GREY BLUE CHRONOGRAPH BQ2798 MEN WATCH,90,Fossil,Men,Analog,4
Invicta Men's Watch 36972 Pro Diver Automatic Blue Dial Silver Steel ,69.3,Invicta,Men,Analog,4.8
Casio Enticer Analog Stainless Steel Green Dial Quartz MTP-1375D-3A Mens Watch,74.5,Casio,Men,Analog,3.4
Invicta Men's Pro Diver  Quartz Watch IN-47172,50,Invicta,Men,Quartz,2.2
Bulova Marine Star Automatic Blue Dial Dial Stainless Steel Men's Watch 98A302,450,Bulova,Men,Analog,3.1
New Invicta Men's 52mm Pro Diver Laser Acid Etched Quartz Chronograph SS Watch,90,Invicta,Men,Analog,2.9
 Tandorio Monster Black Dial NH35A Automatic Watch Mens Watch Sapphire glass,89.1,Tantorio,Men,Analog,3
Raymond Weil Maestro Automatic Black Dial Men's Watch 2837-ST-00208,412.3,RAYMOND WEIL,Men,Analog,3.7
Citizen Quartz White Dial Men's Watch BI5000-01A,99,Citizen,Men,Analog,4.9
NH35A MIYOTA Corgeut  Green Blue Automatic Luminous Men Watch Sapphire Glass,72.8,Corgeut,Men,Analog,3.7
Women's Retro Rectangle Leather Strap Quartz Wrist Watch Simple Date Dress Watch,14,Unbranded,Women,Analog,2.6
Citizen Eco-Drive Men's Chronograph Calendar Silver Watch  CA0790-59L,249,Citizen,Men,Analog,4.9
Swarovski Octea Classica Asymmetric White Rose Gold Tone Women's Watch 5095482,199,Swarovski,Women,Analog,3.3
JACQUES LEMANS Women Analog Quartz Casual Watch Classic Dress Silver Dial Waterp,267,Jacques Lemans,Women,Analog,3.2
Kenneth Cole Reaction Men's Analog Digital Watch Silicone Strap KRWGP2183401,35,Kenneth Cole,Men,Quartz,3.8
Tandorio New 50-Fathoms  Double Domed Sapphire NH35A Automatic Men's Watch,88.2,tandorio,Men,Analog,2.4
 Tandorio Black Dial Sapphire Glass NH35A PT5000 Miyota Automatic Mens Watch,78.3,Tandorio,Men,Analog,2.7
BRAND NEW  INVICTA GLADIATOR MENS SILVER WATCH 58MM,495,Invicta,Men,Analog,5
New Victorinox Swiss Army I.N.O.X. V Quartz White Dial Women's Watch 241919,292,Victorinox Swiss Army,Women,Quartz,5
"TORY BURCH Robinson Womens Watch, Black Rectangular Dial, Gold Accents",175.8,Tory Burch,Women,Analog,4.6
NH35 Sky Blue Dial Luminous  AR Sapphire  Dive Automatic Watch Men,75.6,Tandorio,Men,Analog,3.9
NEW Projects Watches PJT-7901BR Beyond The Horizon  Brown Leather Band Watch,150,Projects Watches,Men,Analog,2.8
 BLIGER black dial sapphire glass PT5000 Japan NH35A automatic mens watch,72.9,Bliger,Men,Analog,4.3
Stuhrling 4050 Men's Hattori VK63  Quartz Chronograph SS Case Rubber Strap Watch,149,Stührling,Men,Analog,5
MOVADO BOLD 3601022 SILVER CHRONOGRAPH DIAL GOLD/SILVER S/S BRACELET MENS WATCH,260,Movado,Men,Analog,4.7
OLEVS Man Fashion Stainless Steel Gems Waterproof Calendar Quartz Wrist Watches,27.6,OLEVS,Men,Analog,2.3
"CASIO MTP1093E-1A Classic Quartz Dress Watch, Black Dial",49.7,Casio,Unisex Adults,Analog,4.2
Bulova Men's Watch Icon Quartz Precisionist Black Dial Steel Bracelet 98B408,314.9,Bulova,Men,Quartz,4
Bulova 98B405  Precisionist Chronograph Stainless Steel Quartz Mens Watch - New,450,Bulova,Men,Analog,4.5
Brand New Movado Bold Evolution Women’s Silver Dial Crystal Dot Watch 3600732,299,Movado,Women,Analog,2.2
Müller&Son [Black w/Silver] Custom Fifty Five Fathoms Watch Build + Rubber Strap,680.2,Müller&Son,Men,Analog,2.7
New Gucci Sync XXL YA137101 Black Rubber Band Black Dial Unisex Watch,218,Gucci,Unisex Adults,Analog,4.8
Seiko 5 Sports Men's Watch Green Dial Nylon Strap Automatic Men's Watch SRPG33,218,Seiko,Men,Analog,5
Bliger  Japan NH34A Automatic Men Watch For GMT Function Sapphire Glass Date,109.9,Tandorio,Men,Analog,2.5
"Brand New Olevs Men's Watch, with White Box. Choose Your Color.",29,OLEVS,Men,Quartz,3.3
Bulova Men's Watch Maquina Chrono Black and Dark Grey Dial Rubber Strap 98B381,281.7,Bulova,Men,Analog,3.1
Invicta Men's Pro Diver 51mm Chronograph Gold Watch IN-45738,70,Invicta,Men,Analog,2.1
New Vtg sealed robotech 1980s Rare DIGITAL Watch Transformer ROBOTCH robot toy,154.4,Wrist Society,Unisex Adults,Digital,2.5
Invicta NHL Zeus Bolt Watch 53mm Chrono Bracelet Toronto Maple Leaf Box,162.5,Invicta,Men,Analog,4.6
 Waterproof  NH35A Sapphire Glass Automatic Men Watch Luminous Retro,75.6,Bliger,Men,Analog,5
Casio Standard Moon Phase Analog Men's Watch MTP-M300D-7A White,94,CASIO,Men,Analog,2.1
NEW AUTHENTIC FOSSIL AIRLIFT SILVER BLUE OLIVE GREEN LEATHER MEN'S BQ2734 WATCH,70,Fossil,Men,Analog,2.1
Invicta 39545 Men's 52mm Bolt Zeus Magnum Dual Time Chronograph Blue SS Watch,300,Invicta,Men,Analog,4
"Variety of Women's & Men's Watches Watch- NIB, NWT and Used available - Untested",11.3,Tommy Hilfiger,Men,Analog,4
New Movado Bold Access Black Dial Leather Strap Men's Watch 3600945,265,Movado,Men,Quartz,5
New Timex Mens Expedition Traprock  Watch TW2W23500,105,Timex,Men,Quartz,2.6
Casio A130WEG-9A Gold Digital Watch | Retro Illuminator | Original Casio | ,145,Casio,Men,Digital,4.7
"FOSSIL Brox Mens Multifunction Watch, Large Black Dial, Brown Leather Strap",88.9,Fossil,Men,Analog,3.1
NEW INVICTA 44307 KING PYTHON SWISS RONDA Z60 CHRONOGRAPH ICE BLUE  WATCH 50MM,250,Invicta,Men,Analog,2.9
Sea-Gull Tourbillon Automatic Men's Watch Mechanical Open Heart Luxury Watch,280,Seagull,Men,Analog,5
"FOSSIL Fenmore Mens Gold Multifunction Watch, Silver Dial, Stainless Steel Band",88.9,Fossil,Men,Analog,2.4
Bulova Classic Surveyor 96A274 Silver Tone Automatic Stainless Steel Men's Watch,195.3,Bulova,Men,Analog,5
Casio Classic Premium Series A1000A-7JF Quartz Stainless Steel Silver  New,225,Casio,Unisex Adults,Quartz,2.5
 bliger black dial solid case week multifunction automatic mens watch B301,70.4,Bliger,Men,Analog,3.4
SEIKO SBTH001 Seiko Selection S Series Silver Stainless Steel Quartz Men's Watch,131.5,Seiko,Men,Analog,2.1
Rose Gold NH34 Automatic Men Watch GMT Diver Watches Waterproof Sapphire ,130.2,Tandorio,Men,Analog,3.6
NEW CK CALVIN KLEIN K2N271C6 SWISS MADE CHRONOGRAPH WATCH SUBSTANTIAL,180,Calvin Klein,Men,Analog,4.9
Men Women Easy to Read Dial Stretch Band Watch Luminous Analog Quartz Wristwatch,13,Unbranded,Unisex Adults,Analog,3.2
Luxury Mens Gold Tone Stainless Steel Band Analog Quartz Wrist Watch Gift Lot,13,Unbranded,Men,Analog,3.1
GUCCI YA136222 Men's Dive Green Dial Quartz Watch,486,Gucci,Men,Analog,5
Custom Made 36 mm Black Explore 1 Diver Dress Mod Watch w/ NH35 Movement,154.8,Zion,Men,Analog,4.7
Mens Rose Gold Bridge Manual Mechanical Watch - Orange Leather DIASTERIA 1688,149,DIASTERIA,Unisex Adults,Analog,3.8
Casio Square Stainless Steel Quartz Watch MTP-B185D-7AV,100,Casio,Men,Analog,4.1
Casio Retro Digital Silver Tone Women's Watch LA670WA-7D,36,Casio,Women,Digital,5
Citizen Tsuno Chronograph Quartz Silver Dial Men's Watch AN3700-62A,158.4,Citizen,Men,Silver-tone,3
Automatic Mens Wristwatch TOMMY HILFIGER OLIVER 1791939 Stainless Steel Blue,220.6,Tommy Hilfiger,Men,Quartz,2.6
CASIO WAVE CEPTOR MULTIBAND 6 WVQ-M410-1AJF Wrist Watch,111.2,Casio,Unisex Adults,Quartz,4.7
Invicta Men's Pro Diver Quartz 3 Hand Blue Dial Watch 26971,64.9,Invicta,Men,Analog,4.7
Citizen Eco Drive Blue Angels Chronograph Men's Watch AT8020-54L,419,Citizen,Men,Analog,4.8
New Victorinox Swiss Army Fieldforce Classic Chrono Blue Men's Watch 241929,350,Victorinox Swiss Army,Men,Quartz,5
 New PAGANI Design  VK63 Quartz Mens Watch Chronograph Sapphire Crystal,72.8,Pagani Design,Men,Analog,4.1
Casio Vintage Style Digital Black Ion Plated S.Steel Band Watch A168WEGB-1B,70,Casio,Unisex Adults,Digital,4.8
Seiko 5 Five Sports SSK001  J1 GMT Automatic Watch Black Dial Made Japan,309,Seiko,Men,Analog,5
"FOSSIL Flynn Mens Gold Chronograph Watch, Black Dial, Black Leather Band",87.9,Fossil,Men,Analog,5
"DIESEL Cliffhanger Mens Chronograph Watch, Glossy Black Enamel Band, Silver Dial",135.8,Diesel,Men,Analog,4.3
Unused GUCCI Dive YA136353 Black Automatic Men Watch in Box,1544.5,GUCCI,Men,Analog,3.1
Invicta Men's Watch Pro Diver Black Dial Automatic Stainless Steel Bracelet 8926,89.2,Invicta,Unisex Adults,Analog,4.8
Invicta Men's Subaqua 50mm Quartz Watch IN-47824,90,Invicta,Men,Quartz,2.4
OLEVS Men's Luxury Quartz Watch Chronograph Stainless Diver 30M Waterproof,44,OLEVS,Men,Analog,5
Sapphire Glass  Corgeut Black Dial Automatic Men Watch Date NH35 MIYOTA 8215,72.8,Corgeut,Men,Analog,4.5
Victorinox Alliance Quartz Silver Dial Men's Watch,200,Victorinox,Men,Silver,2.7
DIESEL Metamorph Vert Mens Black Dial Watch Reptilian Gloss Stainless Steel Band,175.8,Diesel,Men,Analog,5
Fossil Watch Ring Quartz Blue Dial Ladies Watch ES5415,92.4,Fossil,Women,Blue,4.7
White Dial Luminous NH34 GMT Sky Blue  Dive Automatic Men Watch Sapphire,127.4,Tandorio,Men,Analog,2.8
"ProTek Titanium Field Watch, Titanium Case/Blue Dial/Dark Tan Strap, One: PT3003",340,ProTek,Men,Quartz,4
Citizen Eco-Drive Turquoise Dial Men's Watch AW1760-14X,147.4,Citizen,Men,Turquoise,5
Invicta Men's Aviator 49mm Quartz Chronograph Watch IN-24579,65,Invicta,Men,Quartz,5
MVMT 28000234 BLACKTOP II 2 WHITE CHRONOGRAPH DIAL CERAMIC BRACELET MENS WATCH,160,MVMT,Men,Analog,3.5
 Waterproof Sapphire Glass NH35 Men Diving Watch  Luminous Aviator Dial,75.6,Bliger,Men,Analog,5
Timberland Men's Analog Watch With Brown Leather Band TDWGB2201704,65,Timberland,Men,Analog,3.2
Bulova Classic Surveyor Automatic Black Dial Silver Bracelet Men's Watch 96A270,195.4,Bulova,Men,Analog,4.6
NEW AUTHENTIC FOSSIL DALTON SILVER NAVY BLUE BQ2881 MEN'S WATCH,80,Fossil,Men,Analog,3.6
CASIO Collection Standard Watch F-91W-3JH Japan NEW,31,Casio,Men,Quartz,3.4
Casio MTP-B140D-1AVDF Men’s Watch | Stainless Steel | 50M Water Resistant |Japan,75,Casio,Men,Analog,4.6
Citizen Promaster Automatic Sapphire Crystal NY0136-52L Blue Dial Diver's Watch,370,Citizen,Men,Analog,5
NEW AUTHENTIC DIESEL MACHINUS SILVER GREY BROWN 4 TIME ZONE MEN'S DZ7360 WATCH,130,Diesel,Men,Analog,4.9
Mondaine Classic  Black Dial Silver Bracelet Official Swiss Railways Watch,190,Mondaine,Men,Analog,5
NEW AUTHENTIC FOSSIL SULLIVAN SILVER BLUE CHRONOGRAPH BQ2853 MEN'S WATCH,90,Fossil,Men,Analog,5
Invicta Men's Watch Pro Diver Quartz Pink Dial Stainless Steel Bracelet 23396,67.5,Invicta,Men,Quartz,5
NEW DIESEL DZ4501 Men's Mega Chief Silver Chronograph S/Steel Watch W/BOX SEALED,129,Diesel,Men,Analog,5
Men's Watch Simple Calendar Watch Quartz Stainless Steel Waterproof,10,Unbranded,Men,Analog,4.6
Casio Men's Analog Square Dial Stainless Steel Mesh Band Watch MTP-M306M-4A,93,Casio,Men,Analog,2.2
Movado 3600258 Men's Bold Gold-Tone Dial Quartz Watch,319,Movado,Men,Analog,4.8
Mathey Tissot Men's Mathy Design Blue Dial Watch - H909ABU,182.3,Mathey Tissot,Men,Quartz,4.3
Fossil x Superman LE1207SET S-Shield Wrist Watch Lapel Pin Limited Edition ,298,Fossil,Unisex Adults,Analog,2.3
Pobeda Soviet Wristwatch Chinese Character USSR Vintage Mechanical Men's Watch,97.4,Pobeda,Men,Analog,4
CURREN Watches for Men – Men's Leather Strap Chronograph Watch and Bracelet,26,Curren,Men,Quartz,2.1
Longines Conquest  Quartz SS Black Leather Band Men's Watch L3.760.4.56.3,617,Longines,Men,Analog,3.5
Movado 3601235 Women's Bold Evolution Black Dial Quartz Watch,389,Movado,Women,Analog,4.7
Tissot Supersport Chrono Blue Men's Watch - T125.617.11.041.00,349,Tissot,Men,Analog,4.9
Diesel DZ7333 Mr Daddy 2.0 Chronograph Gold Stainless Steel Watch 57mmx66mm,150,Diesel,Men,Quartz,4.7
Stuhrling Men?s Quartz Black Dial Luminous Hands Markers Brown Leather Watch,99,Stührling,Men,Analog,3.4
Fossil Raquel Watch Ring Quartz Silver Dial Ladies Watch ES5344,81.4,Fossil,Women,Silver,4.7
Soviet Wristwatch Pobeda Buran Vintage Mechanical Military Men's Watch USSR,97.4,Pobeda,Men,Analog,4.2
Timex Standard Dia de los Muertos Quartz Men's Watch TW2U95200,64.9,Timex,Men,Black,2.9
Diver  Black Dial  Waterproof NH35 Watch Men Pilot Sapphire Auto Date,75.6,Tandorio,Men,Analog,3.9
Orient Sports Men’s Solar Chronograph Watch RA-TX0208L Batman Bezel Blue Dial,251.9,Orient,Men,Blue,5
Bulova 98B406 Marine Star Black Dial Gold Band Quartz Men's Calendar Watch NEW,145,Bulova,Men,Analog,5
Movado BOLD Quest Green Dial Stainless Steel Swiss Watch 3601186,399,Movado,Women,Analog,2.7
BENRUS HERITAGE FIELD WATCH MILITARY 100M  AUTOMATIC WARRANTY LIMITED TO 100,395,Benrus,Men,Analog,4.1
Citizen Men's Eco Drive Black Dial Brown Leather Watch - BM8475-26E NEW,127,Citizen,Men,Analog,5
Tissot Seastar 1000 Quartz Watch  - T120.410.27.051.00,270.6,Tissot,Men,Analog,5
Movado 0607596 Men's SE Black Dial Quartz Watch,496.6,Movado,Men,Analog,5
Women's Quartz Watch Rhinestone Rainbow Silicone Jelly Color Casual Dress Watch,11,Unbranded,Women,Analog & Digital,3.9
New 50 Fathoms NH35 Automatic Men Watch Luminous Dial Waterproof Bubble Sapphire,85.2,Tandorio,Men,Analog,4.2
COACH GRAND 14504074 NAVY BLUE LOGO DIAL LEATHER STRAP  WOMEN'S WATCH,90,Coach,Women,Analog,5
Reserve Bolt Zeus Undefeated Mens Watch Chronograph Invincible Luxury Watch,70.2,CHIKEERS,Men,Quartz,2.5
NEW CITIZEN ECO DRIVE MAN'S CHRONOGRAPH GREEN DIAL LEATHER  WATCH CA4630-02X,289,Citizen,Men,Analog,3.8
Sandblast  Tandorio Black Dial Miyota Automatic Mens Watch Sapphire Glass,76.2,Tandorio,Men,Analog,3.8
Luxury Tandorio 36/ NH35 Automatic Men Watch Sapphire Roman Dial Date Cyclop,87.5,Tandorio,Men,Analog,2.7
Casio Ladies' Fashion Analog Stainless Steel Band Watch LTPV005D-2B LTP-V005D-2B,33.4,Casio,Women,Analog,5
Timex T80 x Peanuts Space Snoopy & Gang Limited Edition Digital Watch TW2W90100,149,Timex,Unisex Adults,Quartz,2.8
Diesel DZ7312 Mr Daddy 2.0 Chronograph Black Stainless Steel Watch 57mm,135,Diesel,Men,Quartz,4.7
Vostok Amphibia 120512 Watch Scuba Dude Diver Mechanical Automatic USA Seller,170,Vostok,Men,Analog,4.9
Citizen  Collection AN3660-81A Record Label Tsuno Chrono White Silver Mens Watch,195,Citizen,Men,Analog,2.2
Black Dial  Military Mechanical Frog Watch Men NH35 Domed Sapphire Vintage,85.4,Tandorio,Men,Analog,3.1
Couples Mens Womens Luxury Gold Stainless Steel Luminous Quartz Watch Wristwatch,17,Unbranded,Unisex Adults,Analog,3.6
TISSOT PRX Quartz 25MM Blue Dial SS Women's Watch T137.010.11.351.00,277,Tissot,Women,Analog,3.4
Polished Case  NH35 Mother of Pearl Shell Dial Diving Mechanical Men Watch,86.1,Tandorio,Men,Analog,4.2
Bulova Surveyor Quartz Chronograph Black Dial Men’s Watch *Store Display 96C133,269.1,Bulova,Men,Analog,4.9
INVICTA WATCH ANGEL 36069 34mm PC32A Quartz 3 Year Warranty NO BOX,73,Invicta,Women,Analog,5
CITIZEN L SQUARE Collection ECOPET EW5593-64D White Solar Women Watch New in Box,212,,Unisex Adults,Quartz,2.3
New Timex X Peanuts Valentine's Pink Women's Watch TW2W88900,179,Timex,Men,Quartz,4.8
Michael Kors MK6355 Wren Crystal Gold Stainless Steel Chronograph Womens Watch,170,Michael Kors,Women,Analog,5
Vintage  NH35 Automatic  Diving Watch Men AR Domed Sapphire Leather Band,75.6,Tandorio,Men,Analog,4.5
Bulova Classic Automatic Silver Dial Men's Watch 96A187,334,Bulova,Men,Analog,5
Invicta Aviator Quartz Black Dial Men's Watch 49728,57.2,Invicta,Men,Black,1
Sterile  Automatic Men Watch ST1655 Movement Month Date Week Year Moon Phase,68.7,Corgeut,Men,Analog,4.6
New Tissot PRX Automatic Blue Dial Titanium Men's Watch T137.807.44.041.00,923.1,Tissot,Men,Quartz,4.5
Casio Ladies Black Leather Strap Watch LTP1094Q-7A LTP-1094Q-7A,39,Casio,Women,Analog,5
Tissot PRX Men's  Black Dial Stainless Steel Quartz Watch T137.410.11.051.00,227.5,Tissot,Men,Analog,1
Custom Made  Black Custom Strap YM Style Mod Watch NH35 Movement,154.8,Unbranded,Men,Analog,4.1
Citizen Eco Drive Perpetual Date Chronograph Sapphire  AT8113-12H Leather SS,350,Citizen,Men,Analog,5
Invicta Men's Pro Diver  Quartz Watch IN-37155,50,Invicta,Men,Quartz,3.5
Tissot Men's T116.410.36.067.00 Street Basketball  Quartz Watch,170,Tissot,Men,Analog,3.7
BLIGER / NH35A Green Blue Automatic Mens Watch Sapphire Glass Lume Marks,85.4,Bliger,Men,Quartz,4
Men's Business Stainless Steel Waterproof Quartz Wrist Watch Luminous With Date,18.4,OPK,Men,Analog,3
Invicta Wildflower Quartz Crystal Gold Dial Ladies Watch 46342,47.7,Invicta,Women,Gold-tone,5
MOVADO 3600984 TREND ELEMENT SILVER DIAL BROWN LEATHER STRAP WOMENS WATCH,160,Movado,Women,Analog,2.1
LUMINOX Navy SEAL Foundation 45mm Military Blackout Mens Watch XS.3601.BO.NSF,491.7,Luminox,Men,Analog,3.5
Invicta Men's Pro Diver 45mm Quartz Watch IN-46118,45,Invicta,Men,Quartz,2.3
SEIKO ALBA Quartz Field Watch AQPK402 Japanese Domestic Model,43,Seiko,Unisex Adults,Analog,5
Bulova Classic Crystal 31mm Stainless Steel Quartz Ladies Watch 96L317,149,Bulova,Women,Analog,5
NEW INVICTA 41610 NFL LAS VEGAS RAIDERS BLACK DIAL STEEL WATCH CHRONOGRAPH 52MM,165,Invicta,Men,Analog,3.4
Casio AQS810W-1B Men's Black And Gold Dial Tough Solar Watch AQS810W-1BV,75.3,Casio,Men,Analog & Digital,3.6
CITIZEN Eco-Drive AVION Pilot Aviator Stainless Steel Men's Travel Watch,189,Citizen,Men,Analog,5
Casio SAN-100H-1BJR Wristwatch For Sauna Analog Watch Japan,200,Casio,Unisex Adults,Quartz,4.3
MOVADO BOLD 3601058 TREND IMPULSE BLACK BLUE DIAL BLACK LEATHER BAND MEN'S WATCH,200,Movado,Men,Analog,2.6
Tissot Couturier Quartz Black Dial Men's Watch T0354461605102,191.4,Tissot,Men,Analog,4.8
NEW AUTHENTIC MICHAEL KORS BRYSON SILVER BLACK BROWN LEATHER MEN'S MK8659 WATCH,90,Michael Kors,Men,Analog,5
Casio LTP-V007D-2E Elegant Blue Dial Analog Stainless Steel Band Water Resistant,29.5,Casio,Women,Analog,5
Invicta Speedway Quartz Silver Dial Men's Watch 48318,59.6,Invicta,Men,Silver-tone,2.4
Fossil Grant Chronograph Beige Dial SS Leather Quartz Mens Watch FS4735,90,Fossil,Men,Quartz,5
Mido Men's Commander II  Automatic Watch M0144302203180,459,Mido,Men,Quartz,2.6
Sugess ST1901 Chrono – All Colors! 2 Straps and a bracelet with Every Watch!,190,Sugess,Men,Analog,3.8
ORIENT Classic SUN & MOON RN-AK0304B Mechanical Men's Watch,265.5,ORIENT,Men,Analog,4.6
Seiko 5 Sports x Pepsi Limited Edition SSK047,630,Seiko,Men,Analog,3.3
Invicta Men's Racing 48.5mm Quartz Watch IN-48709,50,Invicta,Men,Quartz,3.9
GLENAW men's automatic hollowed-out mechanical watch luminous daily leisure,58,Unbranded,Men,Analog,4.9
Diesel DZ7370 Mr Daddy 2.0 Chronograph Red Silicone Stainless Steel Watch 57mm,145,Diesel,Men,Quartz,4.8
Invicta Men's Pro Diver Quartz Black Dial Stainless Steel Watch 26970,61.9,Invicta,Unisex Adults,Analog,4.8
Men's Charles Hubert Stainless Steel Black Dial with Date Watch,292.8,Charles-Hubert,Men,Analog,2.8
Tissot Women's T-Classic 31mm Quartz Watch T0632091103800,155,Tissot,Women,Analog,3.3
Seiko Essentials Quartz Blue Dial Men's Watch SUR371,218.9,Seiko,Men,Analog,5
Tissot PRX Powermatic 80  Carbon Black Dial Watch T137.907.97.201.00,869,Tissot,Men,Analog,4
New Seiko 5 Five Sports SKX GMT Automatic Men's Watch 100m Yellow Dial SSK017,309,Seiko,Men,Analog,4.9
OLEVS Automatic Mechanical Waterproof Luxury Watch Date Men's Wristwatch,110,OLEVS,Men,Analog,4.9
CASIO MTP-VD01L-1EV Mens Sports Watch 50M Water Resistant Easy Read Date Leather,37,Casio,Men,Analog,4.8
Swarovski Men's Octea Lux Sport  Quartz Watch 5612194,175,Swarovski,Men,Quartz,2.4
Brand New Coach Grand Women’s Pink Dial Brown Logo Strap Watch 14503873,100,Coach,Women,Analog,5
Glycine Men's Airman Worldtimer Quartz  Watch GL1021,180,Glycine,Men,Quartz,2.8
Brand New Coach Boyfriend  Black Metal Band Crystal Dial Watch 14503984,139,Coach,Women,Analog,4.1
Brand New Movado Men’s Veturi Black Dial Stainless Steel  Watch 0607415,399,Movado,Men,Analog,3.7
Brand New Movado Men’s Veturi Two Tone  Stainless Steel Watch 0607416,495,Movado,Men,Analog,5
Brand New Movado BOLD Evolution Women’s Pink Dial Pink Leather Watch 3600701,595,Movado,Women,Analog,3.3
Movado Museum Classic Black Dial Calfskin Strap Men's Watch 0607271,625,Movado,Men,Quartz,5
Womens Ladies Small PU Leather Strap Roman Numerals Oval Dial Quartz Wrist Watch,11,Unbranded,Women,Analog,4.8
Seiko 5 Automatic SNKE03K1(SNKE03KC) Black Dial 21 Jewels Men's Watch From Japan,138.8,Seiko,Men,Analog,4.7
Oulm Quartz Watches 3 Time Zone Big Face Dial Leather Strap Steel Case Watch,21.4,OULM,Men,Analog,2.9
Bulova Marine Star/96B396 Chronograph green Dial 6S20/Swiss Quartz Watch ,160.7,Bulova,Men,Analog,4.6
"NEW Invicta Pro Diver Men's Watch - 52mm, Steel, Aqua Plating (36779)",159.5,Invicta,Men,Analog,5
"Casio AQ230A-7B Men's Digital-Analog Silver Stainless Steel, ""New"" with Tags!",46.5,Casio,Men,Analog & Digital,4.8
"FOSSIL Luther Mens Chronograph Watch, Black Dial, Brown Vintage Leather Band",88.9,Fossil,Men,Analog,4.1
CASIO STANDARD limited Model Silver ana-digi Men's Watch New in Box AQ-800EC-2A,70,Casio,Unisex Adults,Analog & Digital,4.9
NEW AUTHENTIC FOSSIL BANNON MULTIFUNCTION SILVER GOLD BLUE BQ7117 MEN'S WATCH,90,Fossil,Men,Analog,2.1
 Corgeut sterile blue sapphire glass Japan Miyota Automatic 10ATM mens Watch,118,Corgeut,Men,Analog,3.4
NEW AUTHENTIC FOSSIL MODERN COURIER MIDSIZE CHRONO PURPLE WOMEN'S BQ3281 WATCH,90,Fossil,Women,Analog,3.3
Fossil Carraway Quartz Black Dial Watch FS6091,104.5,Fossil,Men,Black,3.4
Wenger Swiss Army Men's 01.1441.132 City Sport White Dial Watch ,100,Wenger,Men,Analog,4.6
Guess Ladies Classic Multi-function Silver Dial Watch - W1070L8 NEW,69,GUESS,Women,Analog,2.7
CITIZEN Citizen Collection NP1010-78L Blue Mechanical Men's Watch New in Box,275,Citizen,Men,Analog,4.4
Timex Waterbury Classic Quartz Grey Dial Unisex Watch TW2P96000,35.2,Timex,Men,Grey,4.7
New Movado Bold Silver Sunray Mesh Bracelet  Men's Watch 3600260,200,Movado,Men,Analog,5
SEIKO SELECTION SBTR029 Chronograph Stainless Steel Watch Blue Dial 39.8mm 10ATM,155,Seiko,Men,Analog,5
Bulova Lunar Pilot Chronograph Quartz Red Dial Men's Watch 96K115,515.9,Bulova,Men,Red,5
Movado 3601093 Men's Bold Evolution Blue Dial Quartz Watch,269,Movado,Men,Analog,4.2
Timex TW2W22800 Waterbury Traditional Quartz Black Dial Coke Bezel Men's Watch,82.9,Timex,Men,Black,3.2
MARRIAGE WATCH 1980s coin watch Vintage exclusive watch mens watch custom watch,232,Unbranded,Men,Quartz,3.6
SEIKO ALBA Full Luminous Dial Field Watch AQPK401 Japanese Domestic Model,51,Seiko,Unisex Adults,Analog,2.3
Timex Q Timex Chronograph Quartz Black Dial Men's Watch TW2W64300,130.4,Timex,Men,Black,5
SHINOLA Detroit Men's The Traveler S0120245785 2 Eye Chronograph Watch $850 ,410,Shinola,Men,Analog,3.5
Coach Cruiser Men's Watch Quartz Chronograph Black Dial Gold 14602596,199,Coach,Men,Analog,3.5
Timex Easy Reader Men's Indiglo Watch  Case White Dial Brown Leather Band,44,Timex,Men,Analog,4
"Raketa 24 Hours, Vintage men's watch ROCKET mechanical Soviet watch. black dial",300,Pobeda,Men,Analog,2.8
Timex Men's South Street  Watch Indiglo Day-Date Set Of 2 Expansion/ Leather,50,Timex,Men,Analog,4
NEW Swiss Swatch Chrono CAPANNO Blue Date Dial Sport  Silicone Watch SUSN413 42M,110,Swatch,Men,Analog,5
CERTINA Men Analog Quartz Casual Watch Classic Dress Blue Dial Waterproof Round,530.7,Certina,Men,Analog,2.8
SEIKO SEIKO SELECTION S SBTR055 Black Chronograph Quartz Men's Watch New in Box,475,Seiko,Men,Analog,3.9
Bulova Marine Star 98B406 Men's Quartz Watch Gold-Tone Black Dial 41.5 mm,149,Bulova,Men,Analog,5
Nixon Time Teller A045-2073 Men's 37mm Quartz Gunmetal / Deep Burgundy 100M WR,79,Nixon,Men,Analog,4.1
Tissot PRX Powermatic 80  Blue Leather Strap Men's Watch T137.407.16.041.00,539,Tissot,Men,Analog,4.7
NOS Super Rare LANEVE H2O Water Activated Digital Watch 1980s Retro,80,Laneve,Unisex Adults,Digital,2.1
▶️ [Exc+5 w/Box] TAG Heuer 377.513 Formula 1 Black Pink Quartz Watch From JAPAN,304,TAG Heuer,Men,Analog,5
Citizen Men's Watch Brycen Chronograph Red Dial Titanium Bracelet CA7090-52X,215.3,Citizen,Men,Quartz,5
Invicta Speedway Swiss Men's Chronograph Watch 49841 Black Silicone/Gold New,116,Invicta,Men,Analog,2.2
Seiko SKX 5 Sports Series 42.5 MM SS GMT White Dial Automatic Watch,339,Seiko,Unisex Adults,Analog,3.5
Citizen Calendrier Gold Sapphire Dial Day Date Month Men's Watch BU0082-06P,360,Citizen,Men,Analog,4.4
GUESS Mens 44 mm Watch - Clear Strap Rainbow Dial Clear Case NIB ,65,GUESS,Men,Analog,3.8
Rose Gold Luxury NH35A Sapphire Square 100M Dive Automatic Men Watch Glass Back,88.9,Tandorio,Men,Analog,4.1
Timex Fairfield Chronograph Quartz Navy Dial Men's Watch TW2U88900,46.2,Timex,Men,Navy,2.3
New Timex Waterbury Ace Pilot Chronograph Stainless Steel  Watch TW2Y19100,229,Timex,Men,Quartz,4
Citizen Men's Watch Promaster Diver Eco-Drive Orange Dial Blue Strap BN0169-03X,232.7,Citizen,Men,Analog,4.9
Men's Causal Soft PU Strap Quartz Wrist Watch Arabic Numerals Dial Easy to Read,12,Unbranded,Men,Analog,4.7
OLEVS Watch for Men Automatic Mechanical Movement Man Watches Steel Band,69,OLEVS,Men,Analog,3.5
Citizen Tsuyosa Automatic Watch  - NJ0155-87E,237.8,Citizen,Men,Analog,2.3
Timex Waterbury Classic Quartz Blue Dial Men's Watch TW2W14900,80.1,Timex,Men,Blue,2.1
OLEVS Men Quartz Watch Waterproof Luminous Luxury Stainless Steel Ceramics Band,51,OLEVS,Men,Analog,4.3
Bulova Classic Automatic Black Dial Black Silicone Men's Watch 98A177,364,Bulova,Men,Analog,5
Casio Analog Silver Blue Metal Band Men MTP-1183A-2ADF Watch Original New,47.8,Casio,Men,Analog,2.9
Invicta Men's Pro Diver 46.5mm Digital Chronograph Watch IN-49448,45,Invicta,Men,Quartz,3.4
Bulova Series X Quartz White Dial Men's Watch 98B457,614.9,Bulova,Men,White,2
Bliger Automatic Men's Watch NH35 PT5000 Miyota8215  or  Sapphire Glass,80.4,Bliger,Men,Analog,4.1
New TISSOT T-RACE CYCLING CHRONOGRAPH Black/Blue Men's Watch T111.417.37.441.06,250,Tissot,Men,Analog,4.7
Tandorio NH35 46.5mm Automatic Diving Men's Watch Sapphire Crystal Date Luminous,91.8,Tandorio,Men,Analog,4.4
STAUER Model 48370 Men's  Adventurer Chronograph Watch Silver Tone NEW NIB,40,Stauer,Men,Quartz,4.4
Movado 3601187 Women's Bold Quest White Dial Quartz Watch,349,Movado,Women,Analog,4.4
"Casio AQ230A-7B Men's Analog/Digital Silver Stainless Steel, New with Tags!",43,Casio,Men,Analog & Digital,4.8
Star Wars Black Stainless Steel Watch – 3856,40,Unbranded,Women,Quartz,4.1
Tissot Ballade  Blue Dial  T156.410.11.041.00,319,Tissot,Men,Analog,2.2
Real Bronze Case NH35/PT5000  Vinatge Mechanical Watch Men's  Waterproof,109.7,tandorio,Men,Analog,4.8
Stuhrling 44 mm Muscle Movement Chronograph 9.5 mm Leather Strap Men's Watch,99,Stuhrling,Men,Analog,5
Vostok Amphibia 120813 Watch Diver Scuba Mechanical Automatic New USA Seller,160,Vostok,Men,Analog,4.8
Luminox Navy Seal Men's Quartz Watch Black Green 45 mm Date XS.3517.NQ.SET NIB,242,Luminox,Men,Analog,4.6
Bulova 97D116 Modern Futuro Black Diamond Dial Men's Quartz Watch with Box ,139.7,Bulova,Men,Quartz,4.8
Invicta Men's S1 Rally  Chronograph Automatic IN-49028,120,Invicta,Men,Quartz,3.6
Men's Women's Vintage Roman Numberals Scale Leather Straps Quartz Wrist Watch,11,Unbranded,Unisex Adults,Analog,3.9
Invicta Men's Watch Specialty Quartz Black Dial Yellow Gold Steel Bracelet 47488,59,Invicta,Men,Quartz,3.4
Citizen Tsuyosa Automatic Watch  - NJ0150-56W,237.8,Citizen,Men,Analog,5
Invicta Angel Chronograph Quartz Pink Dial Ladies Watch 39345,72.1,Invicta,Women,Analog,2.6
"Casio W800H-1BV Classic Digital Watch w/ Blackout Dial, Dual Time & 5 Alarms",29,Casio,Men,Digital,4.2
SEIKO Tactile Readable Watch SQBR021 Convex dial Navy Blue Stainless steel New,120,Seiko,Unisex Adults,Analog,2.8
Casio Women's Watch Baby-G Rose Gold and Black Digital Dial Resin Strap BG169G-1,81,Casio,Women,Quartz,5
Casio Rectangular Elegant Silver Dial Gold Tone Women's Watch LTP-V007G-9B,53,Casio,Women,Analog,5
Mathey Tissot Men's Classic Blue Dial Watch - H452PRBU,188.5,Mathey Tissot,Men,Quartz,4.2
CASIO B640WMR-5AVT DIGITAL QUARTZ ROSE GOLD MESH BAND WATCH,65.2,,Unisex Adults,Quartz,3
NEW LIMI SWATCH SWISS MADE UNISEX SISTEM ASH AUTOMATIC WATCH  SUTM401A  DATE,149,Swatch,Men,Analog,2.9
Bulova Racer Black Dial Sapphire Crystal Chronograph Men's Watch 98B427,360,Bulova,Men,Analog,4
"TORY BURCH Robinson Womens Double Wrap Watch, Blue Dial, Gold Stainless Steel",174.8,Tory Burch,Women,Analog,3.7
 NH35 Automatic Vintage Men Square Watch Sapphire Luxury Wristwatch Sterile,84.6,Bliger,Men,Analog,2
Bulova Men's Marine Star Chronograph Blue Dial Stainless Quartz Watch 96B256,167.6,Bulova,Men,Analog,4.9
 Waterproof Sapphire Glass NH35 Men Diving Watch Luminous Aviator Dial ,75.6,Tandorio,Men,Analog,4.7
Stuhrling Men's Swiss Quartz Ultra Thin Rose Tone Black Leather Strap Watch,85,Stührling,Men,Analog,4.5
CASIO Baby-G BA-110AH-9AJF Yellow Accent Analog Digital Women's Watch New in Box,114,Casio,Women,Analog & Digital,2.9
Citizen Eco-Drive Black Dial Day Date Silver Steel Men's Watch AW0110-58E,150,Citizen,Men,Analog,4.5
SEIKO 5 SPORTS SBSA003 Blue Mechanical Automatic Men's Watch New in Box,260,SEIKO,Unisex Adults,Analog,5
New Seiko Series 5 Automatic Men's Watch SNXS73J1,219,Seiko,Men,Analog,3.8
Watch Marriage MOLNIJA 3602 WristWatch Mechanical Vintage Style USSR Gold Case,157.3,Marriage,Men,Analog,2.5
SEIKO 5 SPORTS SBSA317 SNXS J.PRESS Limited Automatic Analog Men's Watch,462,Seiko,Men,Analog,2.6
Maurice Lacroix LC6027-SS002-133 Men's Les Classiques Silver-Tone Automatic,502.2,Maurice Lacroix,Men,Analog,2.9
CITIZEN ATTESA AT8284-61A ACT Line Eco Drive Titanium Men's Watch,1044.5,Citizen,Men,Analog,3.7
  Arabic Numerals Black Dial Miyota 8215 Automatic Diver Men Watch 2024,84.7,Tandorio,Men,Analog,2.5
Seiko Series 5 Automatic Black Dial Ladies Watch SYMA06,147.4,Seiko,Women,Analog,4.2
SEIKO Selection nano・universe SSEH016 Gold Women's Watch New in Box,300,Seiko,Women,Analog,4.6
DIESEL DZ4638 Men's Mega Chief Red Enamel Stainless Steel Watch BNWT/Box $290,160,Diesel,Men,Analog,3.6
Invicta Men's Speedway 46mm Quartz Watch IN-46109,60,Invicta,Men,Quartz,5
Watch Technomarine TM-124004 Cruise Original Man  Stainless steel,118.6,Technomarine,Men,Quartz,4.4
Seiko 5 Sports Field GMT Sports Style SBSC009 Men's Watch in Box From Japan NEW,378,Seiko,Men,Analog,2.6
CASIO W59-1V 50m WR Classic Standard Digital Watch,46,Casio,Unisex Adults,Digital,3
Invicta Men's Sea Spider 48mm Watch IN-44116,45,Invicta,Men,Quartz,4.1
Citizen Star Wars The Mandalorian AW1411-05W Eco-Drive Men's Watch SHIPS TODAY,200,Citizen,Men,Analog,2.2
Men Army INFANTRY Outdoor Sport Luminous Dual Display Digital Quartz Wrist Watch,19,Unbranded,Men,Analog & Digital,2.2
Black Dial Dive Business Leisure NH35 Mechanical Men Watch Bubble Domed Sapphire,75.6,Tandorio,Men,Analog,3.4
COACH Women's Madison Fashion  Bracelet Watch White/Stainless Steel Watch,85,Coach,Women,Analog,4
Orient Men's Bambino  Automatic Watch RA-AP0101B,250,Orient,Men,Quartz,4
Talking Atomic Watch Leather Black Strap Silver Chrome head Loud And Clear Watch,19,Fox Valley Traders,Unisex Adults,Quartz,3.7
Fossil Carlie Quartz Crystal Green Dial Ladies Watch ES5439,95.7,Fossil,Women,Green,2.8
NEW TOKYOFLASH EQUALIZER HIGH FREQUENCY BLUE LED STEEL WATCH TOKYO FLASH,165,Tokyoflash,Men,Digital,3.9
Luminox Sea Bass Men's CARBONOX Black Dial Rubber Strap Sport Watch -  X2.2001,200,Luminox,Men,Analog,4.5
TOMMY HILFIGER 1791527 BLACK DIAL RED SILICONE STRAP MEN'S SPORT  WATCH,70,Unbranded,Men,Analog,2.4
"Solid brass, field, tool, military watch, Japan movement, pilot,  Dark Green",75,Rugged,Men,Analog,3.7
Guess Ladies Aurora Quartz Silver Dial Watch - W1288L1 NEW,75,GUESS,Women,Analog,4.4
Invicta Men's Watch Pro Diver Quartz Light Blue Dial Silver Tone Bracelet 49277,58.7,Invicta,Men,Quartz,3.6
NEW DAISO Japan Military Watch Olive Green Black set water resistant,25,Daiso,Unisex Adults,Analog,4.9
Tissot Seastar 1000 Chronograph Quartz Watch 45.5mm - T120.417.37.051.02,291.1,Tissot,Men,Analog,3.6
MOVADO Signature Green Dial & Leather Strap Gold Woman's Watch 0608093,399,Movado,Women,Analog,2.5
Brand New Burberry The City BU9351 Stainless Steel Black Dial Men's Watch,211,Burberry,Men,Analog,4.1
SEIKO SELECTION STPX033 White Sapphire Crystal Steel Women's Watch New in Box,150.5,Seiko,Women,Analog,2.6
Citizen Men's Blue Angels World Chronograph Eco Drive Watch AT8020-54L,430,Citizen,Men,Analog,4.8
Tandorio Mother of Pearl Dial NH35  Men's Automatic Watch Sapphire 3.8 Crown,74.7,Tandorio,Men,Analog,3.2
Tandorio NH35 Domed AR Sapphire  Lume Vintage Mechanical  Dive Watch Men,75.6,Tandorio,Men,Analog,2.2
New  Rare Timex Men's Watch  x Peanuts Snoopy Soccer Blue Leather  TW2V82000,109,Timex,Men,Quartz,4.8
Mens Leather Band Fashion Luxury Airship Business Casual Men Watches - NEW,25,Unbranded,Unisex Adults,Analog,4.3
Invicta Men's 45mm PILOT Specialty Chrono Black Dial Rose Gold 2Tone SS Watch,90,Invicta,Men,Analog,2.3
Invicta Women's Watch Specialty Quartz Black Dial Silver Bracelet 29395,63.9,Invicta,Women,Quartz,3.3
Rose Gold Dial  Dive NH35 Domed Sapphire Automatic Watch Men Steel Bracelet,85.4,Tandorio,Men,Analog,4.5
Invicta Men's Pro Diver 45mm Quartz Watch IN-46120,55,Invicta,Men,Quartz,5
Tactical Watch - Limited Quantity | USA's #1 Rated | Massive Discount,20,Tactline,Men,Analog & Digital,3.7
ORIENT STAR RN-AS0001B Black SUN & MOON 22 Jewels Automatic Men Watch New in Box,317,Orient,Men,Analog,3.4
Invicta Men's Racing 48.5mm Quartz Watch IN-48710,45,Invicta,Men,Quartz,2.2
Guess Ladies Classic Silver-tone Dial Watch - W1274L1 NEW,45,GUESS,Women,Analog,4
Timberland Men's Watch TDWGB2230802 With Kaki Leather Band,80,Timberland,Men,Analog,3.9
 Bliger blue white black dial week day multifunction automatic mens watch,57.6,Bliger,Men,Analog,2.4
Solid Bronze Filed Watch NH35A Men Watches Automatic Waterproof Sapphire ,108,tandorio,Men,Analog,3.2
Fashion Sport Watch Car Wheel Rim Stainless Steel Waterproof Wrist Watches Men Z,10,MEIBO,Men,Analog,3.7
Seiko Chronograph Quartz Black Dial Men's Watch SSB446P1,213.4,Seiko,Men,Analog,5
Invicta Pro Diver 1775 Quartz 43.5mm Watch In Silver & Rose Gold Stainless Steel,90,Invicta,Men,Analog,5
Red Dial NH35A Diver Watch Men  Luminous  Waterproof Sapphire 120 Click,86.1,Bliger,Men,Analog,5
Time Wizard Yu-Gi-Oh! Engraved Wrist Watch,45,Unbranded,Men,Analog,2.6
Raketa Sputnik Watch Mens  Rare Day & Night Movement 24 Hours Gift Mens,188,Raketa,Men,Analog,3.7
CASIO EDIFICE Standard Quartz EFR-S108DJ-2AJF Blue Men's Watch New in Box,137,Casio,Men,Analog,5
Invicta Speedway Zager Exclusive Quartz Gold Dial Men's Watch 48398,59.6,Invicta,Men,Gold-tone,4.4
Movado Men's  Defio Quartz Watch 0607310,249,Movado,Men,Quartz,4
  Sunburst Red Gold Dial Diamond Index Sapphire NH35  Dive Men Watch,86.1,Tandorio,Men,Analog,2.1
Movado BOLD Thin Chronograph Quartz Men's Watch 3600719,217.3,Movado,Men,Dark Grey,3.7
Custom Made  Rose Gold Black Yacht Style Mod Watch w/ NH35 Movement,154.8,Zion,Men,Analog,2.7
Brand New Movado Bold Men’s  Green Leather Strap Watch 3600570,229,Movado,Men,Analog,5
Custom Made  Black GMT Custom Date Diver Style Mod Watch w/ NH34 Movement,185,Zion,Men,Analog,5
Invicta S1 Rally Champion Men's Chronograph Quartz Watch 48mm Light Brown 16015,75,Invicta,Men,Brown,3.8
Mido Commander 37mm SS Black Dial Gold Mesh Men's Watch M8429.3.28.13,748.8,Mido,Men,Analog,2.8
Casio W-59-1VQ Classic Wrist Watch Men Original New Black Digital Resin Band,35,Casio,Unisex Adults,Quartz,5
SEIKO PROSPEX SPEEDTIMER Solar SBDL109 Crystal Blue Men's Watch New in Box,560,Seiko,Men,Analog,4.7
Men Tissot Classic PRX/316L Blue Stainless Steel Watch T137.410.11.041.00 (),225.5,Tissot,Men,Analog,4.1
TISSOT Ballade Quartz 34MM Silver Dial Two-Tone Strap T156.210.22.031.00,319,Tissot,Unisex Adults,Analog,3.3
Men's Charles Hubert Two-tone Stainless Steel Silver Dial Watch,254.3,Charles-Hubert,Men,Analog,5
Breitling Avenger Night Mission Ceramic 42 S17328 Automatic Men's Watch Full Set,4600,Breitling,Men,Quartz,2.7
New Citizen Eco-Drive Women's Diamond Accent Silver-Tone 34mm Watch EX1500-52A,179.1,Citizen,Women,Analog,5
Women's Boho Quartz Wrist Watch Large Easy to Read Arabic Numerals Elastic Band,13,Unbranded,Women,Analog,3
"FOSSIL Modern Courier Womens Gold Chronograph Watch, Crystals, Stainless Steel",86.9,Fossil,Women,Analog,5
BLIGER   NH35A Mechanical Watch For Men Black Blue Green Dial Lume Index,85.4,Bliger,Men,Analog,2.8
Unused CASIO CLASSIC A1100GGV-8JF Gray Quartz Unisex Watch in Box,182,Casio,Unisex Adults,Digital,2.7
Women's Classic Square Quartz Wrist Watch Charm Detachable Strap Watches Gift,13,Unbranded,Women,Analog,4.6
Invicta Pro Diver Quartz Black Dial Pepsi Bezel Men's Watch 47354,62.7,Invicta,Men,Black,3.6
Tandorio New  GMT Titanium  Sapphire Glass NH34 Movement Men's Watch,144.9,tandorio,Men,Analog,3.2
Black Hills Gold Men’s Watch Diamond Quartz Date Gold Tone Leaf Dial Boxed,297.5,Black Hills Gold,Men,Analog,4.8
New  Rare Timex X Peanuts Featuring Snoopy Christmas Watch TW2U86500,135,Timex,Men,Quartz,5
Tissot PRX Powermatic 80 Blue Dial Rubber Strap  Men's Watch T1374071704100,690,Tissot,Men,Analog,3.7
TAG Heuer Super Mario Connected Limited Edition SBG8A13 45mm Watch Full Set,3000,TAG Heuer,Men,Quartz,3.3
Brand New Movado Bold Evolution Men's Black And Gold Dial Watch 3600752,399,Movado,Men,Analog,3.8
Invicta Racing Men's  Quartz Watch IN-48477,65,Invicta,Men,Quartz,4.2
Women's Casual Slim Leather Strap Round Dial Quartz Watch Charm Wrist Watches,13,Unbranded,Women,Analog,4.2
Casio Standard White Dial Quartz Dress Women's Ladies Watch LTP-V009G-7E,45,Casio,Women,Analog,4.8
CURREN Men Watches Steel Quartz Analog Wristwatch Fashion Brand Male Date Watch,17.7,curren,Men,Analog,2.5
MOVADO BOLD 3601007 TREND GOLD DIAL GOLD STAINLESS STEEL BANGLE WOMENS WATCH,260,Movado,Women,Analog,5
Invicta Mako Pro Diver Automatic Blue Dial Two-tone Men's Watch 8928OB,82.5,Invicta,Men,Analog,4.8
OLEVS Watches for Men Chronograph Quartz Watches For Men Luminous Date Watch Men,29.4,OLEVS,Men,Analog,4
Brand New Movado Bold Men's Navy Blue Stainless Steel Mesh Band Watch 3600793,499,Movado,Men,Analog,2.6
New Timex x NASA Artemis Limited Edition Lunar White Digital Watch TW2Y13500,126,Timex,Unisex Adults,Quartz,2.4
Revue Thommen's Men's Diver Black Dial Rubber Strap Automatic Watch 17571.2837,959,Revue Thommen,Men,Analog,2.8
Tissot PRX Powermatic 80 Black Dial Grey Strap Men's Watch T1374071105100,692.2,Tissot,Men,Analog,2.6
Brand New Coach Boyfriend Women’s Gray Dial Blue Silicone Strap Watch 14503978,109,Coach,Men,Analog,2.7
Hamilton Khaki Field Mechnical  Brown Dial Men's Watch H69439901,590,Hamilton,Men,Analog,5
Brand New Movado Men's Esperanza Black Dial Two Tone Slim Watch 0606962,499,Movado,Men,Analog,2.2
TOMMY HILFIGER AUTOMATIC 1791939 BLUE DIAL SILVER BRACELET  MENS WATCH,130,Tommy Hilfiger,Men,Analog,4.6
CASIO  World Time A500WA Digital Watch,54,Casio,Unisex Adults,Digital,3.5
Vintage 1964 JAPAN SEIKO SEIKOMATIC WEEKDATER 6218-8971 35Jewels Automatic.,511,Seiko,Men,Analog,5
Automatic Men's Watch PT5000 NH35 Miyota8215 Sapphire Glass  or ,74,Bliger,Men,Analog,4.3
New Casio GoldA168W Digital Classic Retro Stainless Steel Gold Watch,55,Casio,Unisex Adults,Digital,4.6
Citizen Tsuki-yomi A-T Eco-Drive Perpetual World Time Men's Watch BY1010-81H,592.9,Citizen,Men,Analog,3.5
Casio Men's Watch Heavy Duty Chronograph Black Dial Orange Strap MCW100H-4A,71.5,Casio,Unisex Adults,Analog,4.7
Tissot Ballade 39 mm Blue Dial Stainless Steel Watch T1564081104300,875,Tissot,Men,Analog,2.9
Timex Men's Watch Q Timex Date-Day Green Dial Black Leather Strap TW2W44700,135,Timex,Men,Quartz,2.4
Longines Conquest Quartz 41 MM Blue Leather Mens Watch L37594960 / L3.759.4.96.0,618.8,Longines,Men,Analog,4.8
Casio AE-1200WHL-5A Digital Leather Strap Men’s Watch,50,Casio,Men,Digital,5
New Bulova Men's Seville Green Dial Watch 97B237,539,Bulova,Men,Quartz,4.2
Raketa Polar Mens Watch 24 Hour Antarctica Vintage 2610 Collectible Gift For Men,199.1,Raketa,Men,Analog,4
Invicta 37813 Men's 48mm DISNEY Mickey Mouse Limited Edition Chronograph Watch,160,Invicta,Men,Analog,2.4
NEW INVICTA BOLT 37652 BLACK GOLD DIAL STEEL CHRONOGRAPH QUARTZ 100M WATCH 52MM,200,Invicta,Men,Analog,2.3
Citizen Men's Watch Quartz Tsuno Chrono Orange Dial Steel Bracelet AN3660-81X,241.9,Citizen,Men,Analog,4.7
SEIKO SARV001 SELECTION Mechanical Automatic Stainless Steel Watch  Silver,151.9,Seiko,Men,Analog,5
Military Watch Men  AR Sapphire Glass Date NH35A New Sky Blue Dial Luminous,75.6,Tandorio,Men,Analog,3.7
Invicta Men's Pro Diver 48mm Quartz Watch IN-45737,45,Invicta,Men,Quartz,5
Invicta Pro Diver Chronograph GMT Quartz Black Dial Men's Watch 48381,77,Invicta,Men,Black,3
Citizen Men's Classic  Solar Quartz Date Watch AW1765-88X,145,Citizen,Men,Quartz,4.8
"FOSSIL Privateer Sport Mens Chronograph Watch, Gold Dial, Stainless Steel Band",88.9,Fossil,Men,Analog,5
Invicta Angel Quartz Rose Gold Dial Ladies Watch 48853,38.4,Invicta,Women,Rose Gold-tone,3.8
Invicta Men's Watch Pro Diver Silver and Black Dial Aqua Plated Bracelet 43234,144.4,Invicta,Men,Analog,5
Invicta IBI-90242-001 Men's I by Invicta Quartz Chrono Black Dial Leather Watch,57.9,Invicta,Men,Analog,4.8
 Black Dial NH35 Automatic  Dive Watch Men Sapphire 120 Click Montres,86.1,TANDORIO,Men,Analog,3.3
Tandorio Light Blue Monster Diver Sapphire Crystal  Automatic NH36A Watch,94.5,Tandorio,Men,Analog,3.4
Casio Men MTP-1183E-7ADF Analog Leather Watch Black silver Original New,44.8,Casio,Men,Analog,4.8
Timex World Time Reissue Quartz Black Dial Men's Watch TW2V69500,119.9,Timex,Men,Black,2.6
LUMINOX Bear Grylls Survival Men's XB.3762 Pilot Watch In Silver/Black 45mm,350,Luminox,Men,Analog,5
New Seiko Prospex PADI Special Edition Men's Diver's Automatic Mens Watch SRPE27,380,Seiko,Men,Analog,4.8
Casio Calculator Green Digital Watch Original  CA-53WB-3B,55.8,Casio,Unisex Adults,Quartz,3.5
Swiss Swatch Originals STAND HALL Black Chrono Silicone Date Watch  SUSB411,103,Swatch,Men,Analog,3.2
Invicta Mens PRO DIVER SCUBA Chronograph Black Silver Dial White Strap Watch,105.3,Invicta,Men,Analog,4.7
Casio Men’s Silver Dial Analog Watch with Black Leather Band - MTP-1370L-7AVDF,71,Casio,Men,Quartz,3.5
Curved End Solid Stainless Steel Metal Bracelet Watch Band Strap Replacement 20,13.3,Unbranded,Unisex Adults,Quartz,4.5
 Mechanical Watch NH35A  Pilot Men Watch Lume Sapphire Relogio 2024,75.6,Tandorio,Men,Analog,3.4
BLIGER Shell Dial 26mm NH05 Automatic Women Watch Silver Rose Gold Diamond Index,84,Bliger,Women,Analog,3.2
 Vintage  Waterproof Diver NH35A Automatic Watch Men Domed Sapphire New,83.3,Tandorio,Men,Analog,4.4
Tissot PRS 516 Chronograph Quartz Watch  - T100.417.16.041.00,274.7,Tissot,Men,Analog,4.5
 Diver Vintage  NH35 Automatic Watch Men AR Domed Sapphire Leather Band,75.6,Tandorio,Men,Analog,4.6
Luminox Men's Watch Navy Seal Colormark Black Out 3051.BO - Authorized Dealer,250,Luminox,Men,Quartz,4.6
NH34 GMT Sunburst Brown Gold Dial Lume  Dive Automatic Men Watch Sapphire,131.6,Tandorio,Men,Analog,2.1
CASIO DBC-611G-1 DBC611G DATABANK VINTAGE SERIES GOLD DIGITAL WATCH,70,Casio,Men,Digital,4.7
New Tissot PRX Powermatic 80 Automatic Blue Men's Watch T137.407.11.041.00,636.4,Tissot,Men,Quartz,5
Invicta Specialty Quartz Blue Dial Men's Watch 43935,58.3,Invicta,Men,Blue,5
SEIKO PROSPEX SBDJ061 Blue Pepsi Diver Scuba Sapphire Men's Watch New in Box,358,Seiko,Men,Analog,3.3
Citizen Calendrier Blue Sapphire Dial Day Date Month Men's Watch BU0088-51H,380,Citizen,Men,Analog,2.6
GV2 by Gevril Women's Milan 12112B Swiss Quartz IPYG Gold Steel Diamond Watch,325,GV2,Women,Analog,4.1
Retro Pilot   Sapphire Glass Miyota 8215 Automatic Men Mechanical Watch,65.1,tandorio,Men,Analog,2.3
Timex Men's Watch Q Quartz Blue Dial Silver Stainless Steel Bracelet TW2T80700,112.2,Timex,Men,Quartz,2.8
Invicta Men's Racing 46mm Quartz Watch IN-48809,40,Invicta,Men,Quartz,3.3
Pink Dial  Diving  NH35A Automatic Men Watch Sapphire Glass Pilot Retro,75.6,Tandorio,Men,Analog,2.7
Invicta Pro Diver Blue Dial Stainless Steel 40 mm Men's Watch 26971,46.6,Invicta,Men,Analog,4.7
MICHAEL KORS  MK8580 Lexington Crystal Pave Rose Gold-Tone Men's Watch BNWT $375,120,Michael Kors,Women,Analog,5
 Tandorio Black Texture Dial Japan NH35A Automatic Mens Watch Rubber Strap,84.6,Tantorio,Men,Analog,3.5
CAT AS14921137 Men's Caterpillar Retro D Multifunction Analog Digital Watch,149.3,CAT,Men,Analog & Digital,4.5
FOSSIL Sullivan Mens Multifunction Watch Two-Tone Gold Silver Stainless Steel,87.9,Fossil,Men,Analog,3.4
JaysAndKays® Metal Adapters for Casio GShock GPRB1000 Rangeman GPR-B1000,40,JaysAndKays,Unisex Adults,Quartz,4.7
Women's Bohemian Stretch Band Watches Easy Reader Quartz Analog Wrist Watch Gift,13,Unbranded,Women,Analog,4.8
"BULOVA Womens Classic Dress Watch, White Dial Day Date, Silver Stainless Steel",85.9,Bulova,Women,Analog,3.5
Bulova Marine Star Mens 98B401 Black Dial Stainless Steel Chronograph Watch,141,Bulova,Men,Analog,5
COACH 14502651 MADISON WHITE GLITZ DIAL SILVER STAINLESS MESH BAND WOMENS WATCH,90,Coach,Women,Analog,4.5
Casio ABL-100WE-1B Vintage Design Black Digital Bluetooth Step Tracker Watch,98.9,Casio,Unisex Adults,Digital,2.6
Luminox XS.3137 Pacific Diver Sapphire Green Dial Date Men's Diver Watch,340,Luminox,Men,Analog,4.9
Brand New Burberry City BU9214 Two Tone 26 mm Women's Watch,190,Burberry,Women,Analog,3.8
CASIO A100WE-7B A100WE A100 MONOCHROME DIGITAL WATCH,43.4,,Unisex Adults,Quartz,5
CASIO F-84W-1QJH Digital Watch Lightweight Slim digital LCD model  Japan New,28,Casio,Men,Digital,5
Movado 3600467 Men's Bold Trend Black Dial Quartz Watch,359,Movado,Men,Analog,4.6
Olive Green  Military Mechanical Frog Watch Men NH35 Arched Sapphire Vintage,85.4,Tandorio,Men,Analog,3.9
Raketa Polar Automatic Mens Watch 24 Hours Watch USSR Soviet Gift Idea Watch,190,Raketa,Men,Analog,2.4
Seiko Prospex Speedtimer SSC915 Solar Chronograph with Black Dial Men's Watch,350.5,Seiko,Men,Analog,5
Citizen Men's CZ Smart Hybrid Black Dial Black Bracelet Watch JX1009-50E,145,Citizen,Men,Digital,2.7
 Parnis Black White Salmon Color ST 1701 Automatic Mechanical Mens Watch,88.2,PARNIS,Men,Analog,3.8
Men's Classic Business Square Roman Numberals Dial Quartz Wrist Watch With Date,20,Unbranded,Men,Analog,3.3
Pilot  Tandorio Salmon dial Sapphire Glass Japan NH35A Automatic Mens Watch,77.4,Tantorio,Men,Analog,2.6
 Sterile Black Green Dial NH35A PT5000 Sapphire Glass Automatic Men's Watch,72.8,Bliger,Men,Analog,4.5
RARE NEW INVICTA 1953 PRO DIVER MEN'S NH35 AUTOMATIC  BLACK DIAL SS WATCH,110,Invicta,Unisex Adults,Analog,4.9
Men's Luxury Wrist Watch Bling Full Rhinestone Date Luminous Quartz Wristwatch,15,Unbranded,Men,Analog,4.1
Square  Tandorio Light Blue Dial Luminous NH35A Automatic Mens Wrist Watch,89.1,Tandorio,Men,Analog,2.6
CASIO LDF50-2 Poptone Blue Digital Watch,49.3,Casio,Teens,Digital,4.7
Tissot Carson Premium Lady Quartz Watch 30mm - T122.210.22.033.01,237.8,Tissot,Women,Analog,5
NEW AUTHENTIC FOSSIL SULLIVAN CHRONOGRAPH SILVER GREEN BROWN BQ2858 MEN'S WATCH,90,Fossil,Men,Analog,2.9
Titanium  Tandorio Black Dial Japan Miyota NH35A PT5000 Automatic Mens Watch,86.4,Tandorio,Men,Analog,2.5
Men's Tissot Ballade C277/377W Two Tone Gents Quartz wrist watch 35mm,99,Tissot,Men,Analog,4.4
MARRIAGE WATCH 1980s coin watch Vintage 3602  Masonic watch. mens wrist watch,232,Unbranded,Men,Quartz,3.4
1963 Re-issue Pilot Aviation Zuan 21 Men's Nato Quartz Watch,119,Unbranded,Men,Analog,4.4
Mondaine SBB EVO 35mm Official Swiss Railways Black Dial Big Date Leather Watch,160,Mondaine,Men,Analog,4.3
Casio Men's Standard Digital Watch W217H-1A,33,Casio,Men,Digital,5
CASIO Men's Watch WAVE CEPTOR Radio Clock Super Illuminator Type WV-59RD-1AJF,63,Casio,Men,Digital,5
 bliger sterile white dial date week multifunction automatic mens watch 215B,67.5,Bliger,Men,Analog,2.6
Casio WAVE CEPTOR LWA-M145-1AJF  Watch Japan NEW Domestic Version,85,Casio,Men,Quartz,2.1
Mens Bridge Manual Mechanical Watch - Rose Gold Black Leather Diasteria 1688,149,DIASTERIA,Men,Analog,2.9
Invicta Men's Racing 48.5mm VH61 Quartz Black Watch IN-48450,70,Invicta,Men,Analog,4
CASIO DW5600E-1V Mens Classic GSHOCK Black Resin Digital Chronograph Sport Watch,68.9,Casio,Men,Digital,5
Luminox Navy Seal White Dial Date Display Military Men's Watch XS.3007.EVO.S,230,Luminox,Men,Analog,3
Brand New Movado Bold Mens  Chronograph Watch 3600465,339,Movado,Men,Analog,5
Invicta Pro Diver Automatic Blue Dial Men's Watch 45669,137.5,Invicta,Men,Blue,2.9
"Y2K Vintage Silver Digital Watch – Stainless Steel, Adjustable, Unisex, New",28,unbranded,Men,Quartz,4.8
Casio AQ-240E-3ADF Watch Digital Analog Metal Band Silver Blue Original New,86,Casio,Unisex Adults,Analog,3.9
New Invicta Men PRO DIVER CHRONOGRAPH BLACK Dial Silver RED Strap SS Watch,75,Invicta,Men,Analog,2.5
Invicta Specialty Chronograph Quartz White Dial Men's Watch 14330,70.4,Invicta,Men,Analog,4.7
Casio MTP-VT01GL-1B2 Men's Minimalistic Gold Tone Leather Band Black Dial Watch,42.5,Casio,Men,Analog,3.9
Timex Expedition North Anchorage Quartz Black Dial Men's Watch TW2W41700,100.8,Timex,Men,Black,3.3
Kuromi Character Themed Kids Quartz Watch,22,Unbranded,Unisex Kids,Analog,3.7
CASIO CA-500WE-4B CA500 CLASSIC CALCULATOR RED DIGITAL WATCH,59.8,,Unisex Adults,Quartz,2.6
Tandorio  Diver  Black PVD Case Grid Dial Lume NH35 Automatic Men Watch,84.7,Tandorio,Men,Analog,4.3
custom watch  NH35,115,Tandorio,Men,Analog,2.2
New Timex Mens Legacy Bracelet Watch Green Dial  TW2W42800,156,Timex,Men,Quartz,2.3
Parnis Sapphire Miyota Automatic Men Mechanical Watch Black Luminous Dial Watch,120,Parnis,Men,Analog,4.3
CASIO CA53WF-3B Calculator Green Digital Mens Watch,32,Casio,Men,Digital,3.7
Men's Stylish Waterproof Auto-Mechanical Barrel Tourbillon Luminous Watch,40,Sewor,Men,Analog,3.2
"Tory Burch Eleanor Womens Gold Watch, White Dial, Black Leather, Double T Clasp",159,Tory Burch,Women,Analog,5
Timex Q Timex Chronograph Quartz Blue Dial Men's Watch TW2W51700,149.2,Timex,Men,Blue,3.1
Fossil Women's Sloan White Dial Watch - ES5444,157.1,Fossil,Women,Quartz,2.4
 TANDORIO Retro Style Sea of Clouds Dial NH35A  Dive Watch Men Sapphire,75.6,Tandorio,Men,Analog,2.8
Fashion Trend Quartz Watch Men's Transparent Colorful Barrel-Shaped Men's Watch,40,no,Men,Quartz,4.7
Bulova Sutton Ladies Two-Tone Stainless Steel Watch 98L308 Dial SS Bracelet,289,Bulova,Women,Analog,4.3
Green  Double Sapphire Glass NH35 Automatic Mechanical Men's Watch Oyster,84.7,Tandorio,Men,Analog,4.6
Couple Mens Womens Gold Tone Round Dial Elastic Band Analog Quartz Wrist Watch,10,Unbranded,Unisex Adults,Analog,4.4
Men's Womens Couple Easy to Read Quartz Wrist Watch Stainless Steel Stretch Band,13,Unbranded,Men,Analog,3.2
Orient Men's Kamasu Mako III  Automatic Watch RA-AA0004E,300,Orient,Men,Quartz,4.1
Bulova Marine Star Men's Watch Blue Dial Rubber Strap Quartz Men's Watch 98B258,179.6,Bulova,Men,Analog,4.7
"Invicta Men's Bolt 52mm Quartz Chronograph Black Dial Yellow, Steel SS Watch",109.5,Invicta,Men,Analog,3.2
Men's Women's Luxury Rhinestone Stainless Steel Luminous Quartz Date Wrist Watch,18,Unbranded,Unisex Adults,Analog,4.3
NEW AUTHENTIC FOSSIL RYE MULTIFUNCTION CHRONOGRAPH SILVER WOMEN'S BQ3690 WATCH,70,Fossil,Women,Analog,2.7
Mathey-Tissot Ranger Quartz Black Dial Men's Watch MTWG4001102,64.9,Mathey-Tissot,Men,Black,2.8
NEW VICTORINOX Garrison Black Dial Silicone Strap Ladies Watch 26033CB MSRP $120,40,Victorinox,Women,Analog,4.9
 Tandorio Japan NH35A Automatic Mens Watch Ceramic Bezel Green Dial,78.3,Tandorio,Men,Analog,2.3
CASIO AQW101-1AV Analog/Digital Combination Sports Gear Watch,59.7,Casio,Unisex Adults,Analog & Digital,4.7
Seiko Prospex SNE571P1 Solar  Brown Dial  Diver Watch,460,Seiko,Men,Analog,2.2
New Tissot Seastar 1000 Powermatic 80 Turquoise Men's Watch T120.807.11.091.00,733.2,Tissot,Men,Quartz,2.7
Men Waterproof Digital Sports Watch Military Tactical LED Backlight Wristwatch,8,Unbranded,Men,Digital,3.3
Men's Luxury Digital Iced Watch Bling Rhinestone LED Date Dial Quartz Wristwatch,14,Unbranded,Men,Digital,4.8
Casio Vintage Retro Classic Unisex Digital Steel A168WA A168EWGB A168WG A168WER,30,Casio,Men,Digital,2.3
CASIO F-91W-1JH Classic Digital Watch,25,Casio,Unisex Adults,Digital,5
Watch Invicta 48311 Specialty Man  Stainless steel,68.7,Invicta,Men,Quartz,4.3
Invicta Men's Pro Diver Chronograph Black Dial Quartz Watch 44704,59,Invicta,Men,Analog,3.2
CASIO A158WEA-9JH Gold Face Classic Digital Watch Stainless Steel Band,35,Casio,Men,Digital,3.7
SMAEL Sport Watch Men Digital Wristwatch Shockproof LED Light Alarm Watches Boys,15.3,SMAEL,Men,Digital,3.8
Timex Harborside Coast Quartz Green Dial Batman Bezel Men's Watch TW2V65300,81.4,Timex,Men,Green,2.9
"Bulova Frank Sinatra ""My Way"" Sapphire Crystal Leather Band Men's Watch 98A261",330,Bulova,Men,Analog,5
Citizen Brycen Super Titanium Eco-Drive Sport Chronograph Men's Watch BL5558-58L,270,Citizen,Men,Analog,4.7
Casio Analog White Dial Brown Leather Women's Watch LTP-V007L-7B2,35,Casio,Women,Analog,5
Glycine Men's Combat Quartz  Watch GL1022,180,Glycine,Men,Quartz,5
Unused CASIO WAVE CEPTOR WVQ-M410-7AJF White Tough Solar Men's Watch  in Box,145,Casio,Men,Analog,4.3
FOSSIL Bennett Mens Multifunction Watch Black Dial Day Date Stainless Steel Band,87.9,Fossil,Men,Analog,4.7
Skagen Multifunction Titanium Mesh Band Black Dial Men's Watch 809XLTBB,110,Skagen,Men,Analog,4.7
Maurice Lacroix Men's Aikon #Tide  Quartz Watch AI2008 - Choice of Color,179,Maurice Lacroix,Men,Analog,3.7
Swarovski Unisex Octea Lux Sport 37mm Quartz Watch 5632475,175,Swarovski,Unisex Adults,Quartz,4.9
NEW Projects Watches PJT-7296RS Kazimir Red 37mm Black Silicone Band Watch,125,Projects Watches,Men,Analog,3.6
Bulova Men's Watch 98A295 Octava Quartz Crystal Pave Gold Stainless Steel ,218.7,Bulova,Men,Analog,2.6
Tissot Gentleman Quartz Watch  - T127.410.11.031.00,237.8,Tissot,Men,Analog,5
 NH35A Automatic Gold Plated Mens Watch Sapphire Glass Date Luminous Dial,91,Bliger,Men,Analog,2.2
Fossil Machine Chronograph Quartz Black Dial Men's Watch FS6095,126,Fossil,Men,Black,2.8
FOSSIL Flynn Mens Multifunction Watch Black Dial Day Date Moon Sun Brown Leather,86.9,Fossil,Men,Analog,4.5
Gucci G-Timeless Men's Black Dial Stainless Steel Watch - YA126201,450,Gucci,Men,Analog,2.7
Citizen Tsuyosa Automatic Ice Blue Dial Watch NJ0200-50L,290.4,Citizen,Unisex Adults,Ice Blue,2.1
Casio A700WM-7AVEF Unisex Slim Vintage Mesh Band Metal Watch Original New silver,55,Casio,Men,Digital,3
"Timex T20031, Easy Reader, Men's, Silvertone Expansion, Indiglo, Day/Date, NEW",20,Timex,Men,Analog,4.5
Couple Men's Women's Stainless Steel Elastic Band Quartz Wristwatch Dress Watch,10,Unbranded,Unisex Adults,Analog,4
Casio Men's Analog Sporty Stainless Steel Band Watch MTD135D-1A MTD-135D-1A,72.6,Casio,Men,Analog,5
 Brushed  Waterproof Sapphire Glass NH35A Automatic Men Watch Luminous,75.6,Bliger,Men,Analog,4.7
Brand New Hugo Ladies 'Achieve' Round White Dial Rose Bracelet Watch 1540037,199,Hugo,Women,Analog,2.9
Multifunctional Waterproof Men's Watch Silicone Band Sports Quartz Watch,46,Unbranded,Men,pointer,2
 Tandorio Black Shell Dial Sapphire Glass Japan NH35A Automatic Mens Watch,84.8,Tandorio,Men,Analog,2
Vintage ENICAR Ocean Pearl men's automatic watch day/date Blue dial 1970s,325,Enicar,Men,Quartz,2.8
NEW AUTHENTIC FOSSIL FLYNN GOLD BLACK LEATHER CHRONOGRAPH BQ2823 MEN'S WATCH,80,Fossil,Men,Analog,5
 Pagani Design Chronograph Rose Gold Sapphire Glass Japan VK63 Quartz Watch,72.8,Pagani Design,Men,Analog,4.8
INVICTA 1953 PRO DIVER MEN'S NH35A AUTOMATIC  BLACK DIAL SS WATCH 31290,100,Invicta,Unisex Adults,Analog,4.9
Seiko Prospex 1965 Heritage Diver  Blue Dial Watch SPB451,1300,Seiko,Men,Analog,2.1
New Torgoen TN-1222 T18 White Carbon Fiber 45mm Silicone Strap Watch,101.3,Torgoen,Men,Analog,4.5
Timex Q Timex Reissue Quartz Blue Dial Pepsi Bezel Watch TW2T80700ZV,136.4,Timex,Unisex Adults,Analog,4.7
CASIO Baby-G BA-110AH-4AJF Pink Analog Digital Women's Watch New in Box,104,Casio,Women,Analog & Digital,2.3
NEW INVICTA 49753 COALITION FORCES MOP DIAL STEEL WATCH QUARTZ CHRONOGRAPH 52MM,150,Invicta,Men,Analog,3.3
Bulova Marine Star 96B255 White Dial Chronograph Men's Quartz Watch ,172,Bulova,Men,Analog,4.5
NEW INVICTA 48106 NFL DALLAS COWBOYS STAR STEEL NAVY BLUE DIAL WATCH QUARTZ 48MM,105,Invicta,Men,Analog,5
Tissot Seastar 1000 Chronograph Quartz Watch 45.5mm - T120.417.11.041.02,291.1,Tissot,Men,Analog,5
CORGUET Black Dial NH35A 8215 Sapphire Glass Automatic Mens Watch Black PVD Case,76.5,Corgeut,Men,Analog,4.6
HamiltonKhaki Field Expedition Auto Black Dial Compass  Men's Watch  H70315830,876.6,Hamilton,Men,Analog,3.6
Tommy Hilfiger 1791473 Men's Silver Black Silicone Band Black Dial Watch 46mm,110,Tommy Hilfiger,Men,Quartz,3.5
Brand New Movado Bold Women's 32mm Two-Tone Stainless Steel Watch 3600592,330,Movado,Women,Roman Numeral,3.1
Invicta Men's S1 Rally 53mm Quartz Watch IN-46753,65,Invicta,Men,Quartz,2.9
Women's Classic Business Square Analog Quartz Wrist Watch Stainless Steel Strap,13,Unbranded,Women,Analog,3.7
Luminox Men's Navy Seal 45mm Quartz Watch XS.CE01.BO,210,Luminox,Men,Quartz,4.9
 READY 2 WEAR! Crisp Vintage 80s PULSAR | SEIKO Ellipse Date Oval Quartz Watch,128,Pulsar,Men,Analog,2.2
New TIMEX X Peanuts Red Car Snoopy Q Timex GMT Limited Edition TW2W83300,276,Timex,Men,Quartz,4.5
Tissot Classic Dream White Dial with Brown Leather Men's Watch T1294101601300,292,Tissot,Men,Analog,5
Geneva Salvador Dali Style Funky Art Deco watch Unisex Quartz Rare Unique Gift,21.3,Unbranded,Unisex Adults,Analog,4.5
Citizen Promaster Sea Automatic Blue Dial Men's Watch NY0040-17L,224.4,Citizen,Men,Analog,4.7
Brand New Movado Esperanza Women’s Yellow Gold Stainless Steel Watch 0607149,529,Movado,Women,Analog,2.3
Longines Conquest L3.280.0.87.7 White MOP Dial 35mm Ceramic Ladies Watch,1300,Longines,Women,Quartz,2.1
Citizen Eco-Drive Calendrier Stainless Steel Men's Watch BU2021-51L,300,Citizen,Unisex Adults,Analog,4.8
TechnoMarine Men's TM-118123 Cruise California Gold with Black Strap 46mm Watch,124.5,TechnoMarine,Men,Analog,5
CITIZEN Citizen Collection AR3017-58E Black NIGHT COLOUR Men's Watch New in Box,316.5,CITIZEN,Men,Quartz,5
Tandorio NEW  Curved Dome Fit NH35 PT5000 movement Sapphire  Men Watch,74.9,Tandorio,Men,Analog,2
Movado 3600881 Women's Bold Silver-Tone Dial Quartz Watch,459,Movado,Women,Analog,4.3
Vietnam War US Military Service Watch Repro OLV/BLK Seiko Movement Japan Seller,28.8,Daiso,Unisex Adults,Analog,4.9
Silver Gold   Sunburst Sterile Dial  Diving NH35 Automatic Men Watch,84.7,Tandorio,Men,Analog,3.9
SEIKO Pocket Watch SVFQ003 White Silver Nurse Watch Men's Watch New in Box,99,SEIKO WATCH,Women,Analog,4.4
CASIO LINEAGE LCW-M100DE-7AJF White Silver Solar Atomic Men's Watch New in Box,130.5,CASIO,Men,Analog & Digital,4.8
Seiko Chronograph Quartz Green Dial Men's Watch SSB481P1,279.4,Seiko,Men,Green,2.2
Swarovski Women's Octea Nova  Quartz Watch 5649999,115,Swarovski,Women,Quartz,4
Armitron Men's Stainless Steel Muti Function Watch - 20-5351BRSV,43,Armitron,Men,Analog,4.2
Black Dial & Pepsi Bezel | Jubilee Bracelet | Seiko NH34A GMT Automatic,389,Hands On Time,Men,Analog,2.4
Movado 3600916 Men's Bold Access Grey Dial Quartz,229,Movado,Men,Analog,5
Seiko Chronograph Quartz Blue Dial Men's Watch SSB377,141.9,Seiko,Men,Analog,5
Unused CASIO Baby-G BA-110AH-9AJF Yellow Analog Digital Women's Watch  in Box,113,Casio,Women,Analog & Digital,2.6
Citizen Eco-Drive Rose Gold Sapphire Crystal Black Dial Leather Watch AW1723-02E,220,Citizen,Men,Analog,5
New Invicta Men's 47mm Grand Diver RADAR AUTOMATIC Tinted Crystal Black SS Watch,130,Invicta,Men,Analog,4.1
"Bust Down Date Arabic Numerals VVS Iced Out Diamond Watch, Big Mens Watch",101.2,Hip Hop,Men,Analog,3.1
Mathey-Tissot Field Scout Chronograph Quartz Black Dial Men's Watch MTWG3001102,96.8,Mathey-Tissot,Men,Black,4.5
Movado 3601153 Women's Bold Evolution 2.0 Gunmetal Crystal Pave Dial Quartz,309,Movado,Women,Analog,4.5
 Diving Lume  NH35 Black Dial Ceramic Insert Automatic Men Watch No Date,86.1,tandorio,Men,Analog,2.3
Men's Bulova Military Hack Black Dial Green Leather Strap Automatic Watch 98A255,176,Bulova,Men,Analog,4.9
Casio A168WA-1W Silver Stainless Steel Retro Vintage Unisex Digital Watch,30,Casio,Unisex Adults,Digital,4.3
Men's Stainless Steel Quartz Date Wrist Watch Waterproof Luminous w Chronograph,22,Unbranded,Men,Analog,4.2
 NOS NEW MINT! Neo Vintage MENS 1990s SEIKO SQ 29mm TONNEAU Quartz Tank Watch,128,Seiko,Men,Analog,2.5
Invicta Pro Diver Quartz Blue Dial Men's Watch 40001,53,Invicta,Men,Blue,5
Citizen CZ Touchscreen Silver Stainless Steel Smart Watch  MX1010-59X NEW,90,Citizen,Men,Digital,2.4
Men's Watch Automatic Mechanical Watch Sport Leather Casual Business Wrist Watch,58.9,BENYAR,Men,Analog,5
Emporio Armani Men Two Tone Stainless Steel Quartz Watch - AR11256 NEW,100,Emporio Armani,Men,Analog,4
"DIESEL Mens MR Daddy 2.0 Large Chronograph Watch, Gray Dial, Chrome Steel Band",198.6,Diesel,Men,Analog,3.7
SEIKO 5 Sports SBSC021 SKX Series GMT Mechanical Automatic Analog Men’s Watch,373,Seiko,Men,Analog,2.8
"Tory Burch Gigi Womens Gold Watch Set, Interchangeable Bezel, Black Leather Band",149.8,Tory Burch,Women,Analog,5
Near MINT OMEGA De Ville 196.2379 Cal.1379 18K Solid Gold Qz 32mm Men's Watch,499.9,OMEGA,Men,Analog,3.1
Seiko 5 Sports 42.5mm Black Dial Stainless Steel Watch SSK001,320,Seiko,Men,Analog,4.8
KIMSDUN Fashion Men's Quartz Watch Waterproof Sports Watch Silicone Rubber Strap,40,Unbranded,Men,Quartz,4.8
ORIENT RN-AR0009L Contemporary Mechanical Automatic Watch Light Blue 40.8mm,253,Orient,Men,Analog,5
Invicta Men's 45814 Pro Diver Quartz Automatic 47mm 3 Hand Red Dial Steel Watch,139.9,Invicta,Men,Quartz,5
CORGEUT  Multifunction Year Month Day Salmon Dial Automatic Men Watches,63,Corgeut,Men,Analog,3.8
Timex Easy Reader Men's Expansion Band Watch- New Two Toned,40,Timex,Men,Quartz,4.8
Casio Quartz Black Dial Luminous Hands Day/Date MTP-1370D-1A1V 50M Mens Watch,69,Casio,Men,Analog,4.2
SEIKO 5 SNK803K2 Beige Automatic Watch Military Nylon Band Wristwatch Day & Date,358.9,Seiko,Unisex Adults,Analog,2.6
Movado 3601200 Men's Bold Quest Green Dial Quartz Watch,379,Movado,Men,Analog,3.9
Citizen Skyhawk Blue Angels Promaster A-T Eco-Drive Men's Watch JY8078-52L,450,Citizen,Men,Analog & Digital,4.9
New Movado Bold Stainless Steel  Women's Watch 3600084,239,Movado,Women,Quartz,4.7
CASIO MDV-10D-1A2 BLACK/BLUE MIDSIZE QUARTZ ANALOG WATCH,81,,Unisex Adults,Quartz,2.6
Just Cavalli Women's Vetra 20mm Quartz Watch JC1L373M0025,130,Just Cavalli,Women,Quartz,4.9
Montblanc 124782 Women's Tradition White Dial Automatic Watch,753.4,Montblanc,Women,Analog,4.1
NEW✅ Swatch Irony LAST ROUND Chronograph Gray Leather Steel Men's Watch YVS446,140,Swatch,Men,Analog,4.3
Rockwell Wristwatch Men Black The CF Analog New,179.4,Rockwell,Men,Analog,3.7
CASIO BABY-G PLAYFUL HEARTS BGA-10-4AJF Pink Analog Women’s Watch New in Box,93,CASIO,Women,Analog,4.3
NEW Projects Watches PJT-7401BRBR Bodoni Brass M&Co 33mm Brown Leather Band,123,Projects Watches,Women,Analog,2.2
NEW AUTHENTIC FOSSIL EASTON BLACK GREEN BROWN LEATHER MEN'S BQ2796 WATCH,70,Fossil,Men,Analog,4.9
CASIO LINEAGE LCW-M100TSE-1AJF Black Silver Solar Radio Men's Watch New in Box,162,CASIO,Men,Analog & Digital,2.5
Kenneth Cole New York Men's Watch With Genuine Brown Leather Strap KCWGA2270301,47,Kenneth Cole,Men,Analog,4.5
Tissot Unisex PRX 35mm Quartz Digital Watch T1372631103000,150,Tissot,Unisex Adults,Digital,2.4
Movado Men's Luno  Quartz Watch 0606378,299,Movado,Men,Quartz,4.7
NEW✅ Swatch Irony SPECIAL UNIT Stainless Steel Brown Leather Men's Watch YWB402,120,Swatch,Men,Analog,2.5
Invicta Men's Watch Pro Diver Quartz 48mm Silver Tone Band Model 47221,2.3,Invicta,Men,Analog,2.5
Luminox Pacific Diver Sapphire Black Dial Date Men's Diver Watch XS.CA22M,310,LUMINOX,Men,Analog,2.2
Invicta S1 Rally Chronograph GMT Quartz Gunmetal Dial Men's Watch 90102,68.8,Invicta,Men,Gunmetal,3.6
Pablo Raez  Black Leather Men's Big Square Tank Quartz Watch Ships From USA,30,Pablo Raez,Men,Analog,2.2
Versace V-Dome Quartz Black Dial Men's Watch VE8E00124,200.3,Versace,Men,Black,3.6
Luminox Men's Watch Navy Seal 3500 Series Diver 3503.ND - Authorized Dealer,165,Luminox,Men,Analog,4.7
Movado Men's Veturi Black Dial Stainless Steel Watch - 0607417 NEW,430,Movado,Men,Analog,4.9
Parnis  SeikoNH35 Automatic Sapphire Crystal Men's Watch Black Rubber Strap,129.9,PARNIS,Men,Analog,4.3
Citizen Eco-Drive PCAT Chrono Green Rose Gold Leather Men's Watch CB5919-00X,390,Citizen,Men,Analog,4.8
New Q Timex Falcon Eye Chronograph  Watch TW2W33700,219,Timex,Men,Quartz,3.7
Watchstar Super Star Automatic Chronograph Watch 48mm Men's 33 Jewel,211.5,WatchStar,Men,Analog,4.7
Men's Stainless Steel Tourbillon Moon Phase Calendar Date Mechanical Watch,50,Unbranded,Men,Analog,2.1
Brand New Citizen Men's CA4500-08X Eco-Drive Chronograph Stainless Steel Watch,202.5,Citizen,Men,Analog,5
CASIO LINEAGE LCW-M170DB-1AJF Black Solar Atomic Radio Men's Watch New in Box,196,Casio,Men,Analog & Digital,4.8
Invicta Pro Diver SCUBA Chronograph GMT Quartz Men's Watch 49855,117.9,Invicta,Men,Iridescent,4
Casio MTP-V300L-7A Analog Day-Date 24Hr Water Resistant Real Leather Strap Watch,51.4,Casio,Men,Analog,4.5
Movado 3600085 Women's Bold Gold-Tone Dial Quartz Watch,257,Movado,Women,Analog,4.7
Citizen Promaster Skyhawk Black Dial Sapphire World Time Watch JY8120-58E,390,Citizen,Men,Black,4.6
Invicta Men's 51mm Pro Diver SCUBA Chronograph ABALONE Dial Gold Tone SS Watch,155,Invicta,Men,Analog,5
Men's Classic Roman Numberal Square Dial Genuine Leather Quartz Date Wrist Watch,19,Unbranded,Men,Analog,4.1
CASIO MTP-B145SG-7AV TWO-TONE WHITE DIAL 35MM QUARTZ ANALOG WATCH,78.3,,Unisex Adults,Quartz,3.6
CASIO BABY-G BGA-320-4AJF Pink Multicolor Women's Watch New in Box,103,Casio,Women,Analog & Digital,3.6
Bulova Men's Classic Blue Dial Quartz Watch - 96A169 NEW,200,Bulova,Men,Analog,4.9
Seiko Ladies Quartz Creal Dial Stainless Steel Watch - SWR069P1 NEW,90,Seiko,Women,Analog,4.3
Casio Men's MTP-V007 / MTP-M105 Moon phase Stainless Steel/Leather Watch,169,Casio,Men,Analog,5
Swarovski Women's Octea Lux Sport  Quartz Watch 5632484,160,Swarovski,Women,Quartz,2.8
"[New] Invicta 30018 - Pro Diver Men's Quartz Watch - , Steel",26,Invicta,Men,Analog,4.8
TechnoMarine Unisex TM-523006 Reef Sun Sky Blue dial  Silicone Strap,86.6,TechnoMarine,Unisex Adults,Analog,4.2
Invicta Men's TI-22 48mm Quartz Chronograph Watch IN-49495,120,Invicta,Men,Quartz,5
Movado Bold Thin Men's Grey Dial Chronograph Watch - 3600720 NEW,300,Movado,Men,Analog,5
Movado 0607308 Women's Defio Black Quartz Watch,259,Movado,Women,Analog,4.7
FOSSIL Bennett Mens Multifunction Watch Green Dial Day Date Stainless Steel Band,89.6,Fossil,Men,Analog,2.3
Seiko 5 Five Sports SSK029 GMT Automatic Watch 1000 Limited Edition SSK029K1,379,Seiko,Men,Analog,3.3
Tandorio Blue Black dial Double Bow Sapphire Glass NH34A Automatic Mens Watch,118.8,Tandorio,Men,Analog,4.8
Citizen Eco-Drive Navy Dial Men's Watch AW0096-06L,220,Citizen,Men,Analog,5
"SEIKO SNE525P1 SNE525 ,Men's Dress,Solar Quartz,Stainless Steel,day,date,100m WR",230,Seiko,Men,Analog,4.7
MOVADO Museum 28MM Quartz Black Dial Ladies Watch With Diamond 0606858,299.9,Movado,Women,Analog,4.2
Custom Made Black  Willard Style Watch Mod NH35 Automatic Regulated Movement,174.8,Unbranded,Men,Analog,4.6
NH35 Miyota PT5000 Automatic Men's Watch  Hulk Green Dial Sapphire Crystal,70.3,Bliger,Men,Analog,2.8
CASIO MTP-RS100D-2AV BLUE DIAL SOLAR ANALOG MEN'S WATCH,72.9,,Unisex Adults,Quartz,3.9
Military Watch for Men Waterproof Analog Mens Watches Classic- Field Wrist Wa...,34,Does not apply,Men,Analog,4
Skagen Aaren Men's Unisex Watch J056,65,Skagen,Unisex Adults,Analog,2.7
 Tandorio Black Dial Bow Sapphire Glass Japan NH35A Automatic Men's Watch,80.1,Tantorio,Men,Analog,3.7
Citizen Eco-Drive Promaster Dive Turquoise Dial Men's Watch BN0162-02X,209.2,Citizen,Men,Analog,4.8
Technomarine TM-822022 MoonSun Men's Watch 45mm Gold Tone Stainless steel Watch,56.6,TechnoMarine,Men,Analog,2.2
Bulova Marine Star-98B308-Men's Black Rubber Strap Quartz Watch Blue Dial ,194.2,Bulova,Men,Analog,4.2
Casio Standard Digital Sport Black Resin Band Watch AE1200WH-1B AE-1200WH-1B,41,Casio,Men,Digital,5
Citizen Eco-Drive Disney Cinderella Box Set S. Steel Quartz Watch GA1077-46D,225,Citizen,Women,Analog,4.5
Fossil Blue Dive Quartz Black Dial Men's Watch FS6032,103.4,Fossil,Men,Black,2.8
Luminox Men's XS.1567 Scott Cassell Deep Dive 45mm Quartz Watch,230,Luminox,Men,Analog,4.9
Movado Women's Sapphire 28mm Quartz Watch 0607547,420,Movado,Women,Quartz,2.8
Swatch x Dragonball Z Limited Edition SWATCH NUMBERED EDITION Shenron Gokou F/S,170,Swatch,Unisex Adults,Analog,2.9
Tissot Women's T-Classic 32mm Automatic Watch T0992072211801,370,Tissot,Women,Analog,5
Brand New Timex Men's Expedition Acadia Black Dial Fabric Watch TW4B29500,50,Timex,Men,Analog,5
NEW Projects Watches PJT-7301 Terra Time  Black Silicone Band Watch,165,Projects Watches,Men,Analog,2.6
TechnoMarine Women's Sea  Watch TM-719032,50,Invicta,Women,Quartz,5
COOSSA ORIGINAL Mens Chronograph Watch 48MM Gold Case 30M WR Green Silicone Band,50,Coossa Original,Men,Analog,2.7
 bliger black sterile dial sapphire glass GMT date automatic mens watch,88.2,Bliger,Men,Analog,4.4
Simple Retro White Roman Sapphire Crystal Square Men Dress NH35 Automatic Watch,87.5,Bliger,Men,Analog,4.7
NEW✅SKELETON✅ Swatch Big Bold YELLOWINJELLY Transparent Men's Watch SO27E103,110,Swatch,Men,Analog,5
Mathey-Tissot Mathy III Quartz Green Dial Ladies Watch D810RV,88,Mathey-Tissot,Women,Green,2.9
Ships ASAP! Stranger Things x Vintage Casio Watch Silver AQ-800 LE,180,Casio,Unisex Adults,Quartz,4
New Bulova Marine Star Chronograph Men's Watch Blue Dial /96B256,313.8,Bulova,Men,Analog,4.9
ORIENT Mako RN-TX0210L Black Solar Chronograph Men's Watch New in Box,255,Orient,Men,Analog,3
NEW AUTHENTIC FOSSIL RHETT CHRONOGRAPH GOLD GREEN BROWN LEATHER BQ2892 MEN WATCH,90,Fossil,Men,Analog,3.5
Mens Wristwatch TIMEX PEANUTS Q TW2W68900 Chrono Leather Black White Snoopy,256.5,Timex,Men,Quartz,2.8
Bulova Precisionist Chronograph Black Dial Stainless Steel Men's Watch 98B298,280,Bulova,Men,Analog,4.9
Casio Digital Dual Time Khaki Resin Band Watch AE1600H-5A AE-1600WH-5A,43.5,Casio,Men,Digital,2.9
Citizen Corso White Dial Two-tone Men's Watch BM7334-58B,187,Citizen,Men,Analog,5
Movado FACE Red Dial Beige Leather Strap Bronze Bezel  Watch,299,Movado,Men,Analog,4.3
CASIO EFB730D-7AV EDIFICE ALL Stainless Analog Chrono 100M Date Sport Watch $165,114,Casio,Men,Analog,5
New Timex Standard x Peanuts Snoopy Woodstock Golf Special Ed Watch TW2W78900,159,Timex,Men,Quartz,3
NEW AUTHENTIC FOSSIL SULLIVAN SOLAR SMOKE GRAY BLACK LEATHER BQ2664 MEN'S WATCH,70,Fossil,Men,Analog,5
Seiko 5 Automatic Blue Dial Men's Watch SNK371K1,147.4,Seiko,Men,Analog,4.6
Skagen Signatur Quartz Black Dial Men's Watch SKW6860,79.2,Skagen,Men,Black,2.2
SNOOPY WATCH-MINISO-QUARTZ-NIP- NEXT DAY SHIPPING,10,MINISO,Unisex Adults,Analog,2.1
Movado Bold Thin Chronograph Quartz Black Dial Men's Watch 3600632,224.4,Movado,Men,Analog,3.1
Invicta Men's Watch Speedway Chronograph White and Black Dial Bracelet 9211,78.4,Invicta,Men,Quartz,4.6
New Timex Q Timex Quartz Black Dial Men's BATMAN Bezel  Watch TW2V38100,249,Timex,Men,Quartz,3.1
Citizen Eco-Drive Silver Dial Black Leather Men's Watch AO9000-06B,185.9,Citizen,Unisex Adults,Analog,5
 Bliger Sterile Black White Dial Solid Full Chronograph Quartz Mens Watch,49.6,Bliger,Men,Analog,2.9
Roulette Spinning Dial Men's Watch W Ball And Stainless Steel mesh Bracelet New,50,TimeArtx,Men,Analog,3
Bulova Men's Surveyor Automatic Watch 97A175,279,Bulova,Men,Quartz,5
New Invicta Men's 52mm Grand Diver GMT AUTOMATIC Turquoise Dial SS 300m Watch,120,Invicta,Men,Analog,5
Tissot Supersport Chrono Quartz Watch 45.5mm - T125.617.36.051.01,299.3,Tissot,Men,Analog,5
Garmin MARQ Athlete Gen 2 Performance Edition Modern Tool Watch for Athletes,1300,Garmin,Men,Digital,5
Movado 0607227 Men's Museum Black Dial Quartz Watch,357.2,Movado,Unisex Adults,Analog,5
 Ultra Thin Stainless Steel Strap Business Men's Watch,11.5,DIJANES,Men,Analog,3.7
Invicta Men's Coalition Forces Chronograph Abalone Dial Iridescent RAINBOW Watch,144,Invicta,Men,Analog,5
F-91W Digital Watch with Black Silicone Strap – Unisex Classic Water Resistant,17,Unbranded,Men,Digital,3.2
Citizen Automatic Black Dial Open Heart NH9131-14E Men's Watch,220,Citizen,Men,Analog,4.6
Seiko SBTH005 Selection Classic Stainless Steel Quartz Men Watch NEW,131.5,Seiko,Men,Analog,3.1
Brand New Movado Bold Gold PVD Ladies 32mm Sunray Dial Watch 3600591,399,Movado,Women,Analog,2.9
Brand New Movado Bold Thin Men's Yellow Gold  Mesh Band Watch 3600833,339,Movado,Men,Analog,4.1
Bulova Wilton 97B170 Classic Blue Dial Leather-Men's Chronograph Quartz Watch,193.4,Bulova,Men,Analog,4.6
New Coach Cruiser Black Chronograph Dial Two-Tone Steel Men's Watch 14602597,145,Coach,Men,Quartz,3.3
Unused CASIO BABY-G PLAYFUL HEARTS BGA-10-4AJF Pink Analog Women’s Watch in Box,92,CASIO,Women,Analog,2.5
CASIO LTP-V007D-7B Stainless Steel Quartz 100M WR Woman Metal Wrist Watch,39,Casio,Women,Analog,4.8
New Casio Green AQ-800ECGG-3A Men`s Ana-Digi Watch Vintage Collection 32mm,80,Casio,Men,Analog & Digital,5
Mens Square Waterproof Luminous Date Quartz Wristwatch Stainless Steel Mesh Band,29,Unbranded,Men,Analog,4.9
Invicta Men's Pro Diver Scuba 48mm Quartz Watch IN-45721,50,Invicta,Men,Quartz,4
Tissot  PRX T-Classic Quartz Green Dial Men's Watch T1374101109100,396,Tissot,Men,Analog,5
Bulova Men's Classic  Quartz Watch 98A246,180,Bulova,Men,Analog,5
Diesel DZ7315 Mr Daddy 2.0 Chronograph Gunmetal Stainless Steel Watch 57mm,138.5,Diesel,Men,Quartz,4.7
Brand New Movado Women's Temo Yellow Gold  Stainless Steel Watch 0607297,595,Movado,Women,Analog,4.2
Brand New Movado Bold Women’s Black Dial and Black Ceramic Watch 3600803,430,Movado,Women,Analog,4
Zeppelin LZ 129 Hindenburg Solar Men's Watch Brown Leather Band 8086-5n,235,Zeppelin,Men,Analog,3.5
Super Lume  NH35 Automatic Watch Men  Dive Bubble Sapphire White Hand,86.1,Tandorio,Men,Analog,2.4
CASIO A100WEG-9A A100WEG A100 VINTAGE GOLD DIGITAL WATCH,57.7,,Unisex Adults,Quartz,2.8
Wristwatch CASIO A168WEMB-1BDF Stainless Steel Mesh Black Unisex Digital,99.7,Casio,Unisex Adults,Quartz,3
AWESOME NEW REPLACEMENT CUSTOM SILICONE 17MM BANDS FOR VINTAGE SWATCH WATCHES,14,Unbranded,Unisex Adults,Analog,3.3
